id,ts,sheet,row,old_value,new_value
1,13-02-2025 13:01:03,Job Cost Report,7,Desconocido,STATUS
2,13-02-2025 13:01:03,Job Cost Report,9,Desconocido,In process
3,13-02-2025 13:01:03,Job Cost Report,10,Desconocido,In process
4,13-02-2025 13:01:03,Job Cost Report,11,Desconocido,Approved
5,13-02-2025 13:01:03,Job Cost Report,12,Desconocido,Approved
6,13-02-2025 13:01:03,Job Cost Report,13,Desconocido,Attention
7,13-02-2025 13:01:03,Job Cost Report,14,Desconocido,Attention
8,13-02-2025 13:01:03,Job Cost Report,15,Desconocido,Approved
9,13-02-2025 13:01:03,Job Cost Report,16,Desconocido,Attention
10,13-02-2025 13:01:03,Job Cost Report,17,Desconocido,Attention
11,13-02-2025 13:01:03,Job Cost Report,18,Desconocido,Attention
12,13-02-2025 13:01:03,Job Cost Report,19,Desconocido,Approved
13,13-02-2025 13:01:03,Job Cost Report,20,Desconocido,Attention
14,13-02-2025 13:01:03,Job Cost Report,21,Desconocido,Attention
15,13-02-2025 13:01:03,Job Cost Report,22,Desconocido,Attention
16,13-02-2025 13:01:03,Job Cost Report,23,Desconocido,Approved
17,13-02-2025 13:01:03,Job Cost Report,24,Desconocido,Approved
18,13-02-2025 13:01:03,Job Cost Report,25,Desconocido,Attention
19,13-02-2025 13:01:03,Job Cost Report,28,Desconocido,In process
20,13-02-2025 13:01:03,Job Cost Report,29,Desconocido,Approved
21,13-02-2025 13:01:03,Job Cost Report,30,Desconocido,In process
22,13-02-2025 13:01:03,Job Cost Report,33,Desconocido,Attention
23,13-02-2025 13:01:03,Job Cost Report,34,Desconocido,Approved
24,13-02-2025 13:01:03,Job Cost Report,35,Desconocido,Attention
25,13-02-2025 13:01:03,Job Cost Report,39,Desconocido,In process
26,13-02-2025 13:01:03,Job Cost Report,40,Desconocido,Approved
27,13-02-2025 13:01:03,Job Cost Report,41,Desconocido,Approved
28,13-02-2025 13:01:03,Job Cost Report,42,Desconocido,Approved
29,13-02-2025 13:01:03,Job Cost Report,43,Desconocido,Approved
30,13-02-2025 13:01:03,Job Cost Report,46,Desconocido,In process
31,13-02-2025 13:01:03,Job Cost Report,47,Desconocido,Approved
32,13-02-2025 13:01:03,Job Cost Report,48,Desconocido,In process
33,13-02-2025 13:01:03,Job Cost Report,49,Desconocido,In process
34,13-02-2025 13:01:03,Job Cost Report,50,Desconocido,Approved
35,13-02-2025 13:01:03,Job Cost Report,51,Desconocido,Approved
36,13-02-2025 13:01:03,Job Cost Report,52,Desconocido,Approved
37,13-02-2025 13:01:03,Job Cost Report,53,Desconocido,Approved
38,13-02-2025 13:01:03,Job Cost Report,54,Desconocido,Approved
39,13-02-2025 13:01:03,Job Cost Report,55,Desconocido,Approved
40,13-02-2025 13:01:03,Job Cost Report,56,Desconocido,Approved
41,13-02-2025 13:01:03,Job Cost Report,57,Desconocido,Approved
42,13-02-2025 13:01:03,Job Cost Report,58,Desconocido,Approved
43,13-02-2025 13:01:03,Job Cost Report,61,Desconocido,Approved
44,13-02-2025 13:01:03,Job Cost Report,62,Desconocido,Approved
45,13-02-2025 13:01:03,Job Cost Report,63,Desconocido,Approved
46,13-02-2025 13:01:03,Job Cost Report,64,Desconocido,Approved
47,13-02-2025 13:01:03,Job Cost Report,65,Desconocido,In process
48,13-02-2025 13:01:03,Job Cost Report,68,Desconocido,In process
49,13-02-2025 13:01:03,Job Cost Report,69,Desconocido,In process
50,13-02-2025 13:01:03,Job Cost Report,70,Desconocido,Approved
51,13-02-2025 13:01:03,Job Cost Report,71,Desconocido,Approved
52,13-02-2025 13:01:03,Job Cost Report,72,Desconocido,Approved
53,13-02-2025 13:01:03,Job Cost Report,73,Desconocido,In process
54,13-02-2025 13:01:03,Job Cost Report,74,Desconocido,Approved
55,13-02-2025 13:01:03,Job Cost Report,77,Desconocido,Approved
56,13-02-2025 13:01:03,Job Cost Report,78,Desconocido,Approved
57,13-02-2025 13:01:03,Job Cost Report,79,Desconocido,Approved
58,13-02-2025 13:01:03,Job Cost Report,80,Desconocido,Approved
59,13-02-2025 13:01:03,Job Cost Report,89,Desconocido,Approved
60,13-02-2025 13:01:03,Job Cost Report,90,Desconocido,Approved
61,13-02-2025 13:01:03,Job Cost Report,91,Desconocido,Approved
62,13-02-2025 13:01:03,Job Cost Report,92,Desconocido,Approved
63,13-02-2025 13:01:03,Job Cost Report,93,Desconocido,Approved
64,13-02-2025 13:01:03,Job Cost Report,94,Desconocido,Approved
65,13-02-2025 13:01:03,Job Cost Report,95,Desconocido,Approved
66,13-02-2025 13:01:03,Job Cost Report,99,Desconocido,Approved
67,13-02-2025 13:01:03,Job Cost Report,100,Desconocido,Approved
68,13-02-2025 13:01:03,Job Cost Report,101,Desconocido,Approved
69,13-02-2025 13:01:03,Job Cost Report,102,Desconocido,Approved
70,13-02-2025 13:02:21,Job Cost Report,99,Approved,In process
71,13-02-2025 13:02:21,Job Cost Report,100,Approved,In process
72,13-02-2025 13:02:21,Job Cost Report,101,Approved,In process
73,13-02-2025 13:02:21,Job Cost Report,102,Approved,In process
74,13-02-2025 13:17:39,Job Cost Report,99,Approved,In process
75,13-02-2025 13:17:39,Job Cost Report,100,Approved,In process
76,13-02-2025 13:17:39,Job Cost Report,101,Approved,In process
77,13-02-2025 13:17:39,Job Cost Report,102,Approved,In process
78,13-02-2025 13:24:31,Job Cost Report,99,Approved,In process
79,13-02-2025 13:24:31,Job Cost Report,100,Approved,In process
80,13-02-2025 13:24:31,Job Cost Report,101,Approved,In process
81,13-02-2025 13:24:31,Job Cost Report,102,Approved,In process
82,13-02-2025 14:38:34,Job Cost Report,99,Approved,In process
83,13-02-2025 14:38:34,Job Cost Report,100,Approved,In process
84,13-02-2025 14:38:34,Job Cost Report,101,Approved,In process
85,13-02-2025 14:38:34,Job Cost Report,102,Approved,In process
86,13-02-2025 14:39:38,Job Cost Report,99,Approved,Attention
87,13-02-2025 14:39:38,Job Cost Report,100,Approved,Attention
88,13-02-2025 14:39:38,Job Cost Report,101,Approved,Attention
89,13-02-2025 14:39:38,Job Cost Report,102,Approved,Attention
90,13-02-2025 14:57:16,Job Cost Report,99,Approved,In process
91,13-02-2025 14:57:16,Job Cost Report,100,Approved,In process
92,13-02-2025 14:57:16,Job Cost Report,101,Approved,In process
93,13-02-2025 14:57:16,Job Cost Report,102,Approved,In process
94,31-03-2025 04:07:24,Job Cost Report,36,Desconocido,Attention
95,31-03-2025 04:07:24,Job Cost Report,40,Approved,In process
96,31-03-2025 04:07:24,Job Cost Report,44,Desconocido,Approved
97,31-03-2025 04:07:24,Job Cost Report,47,Approved,In process
98,31-03-2025 04:07:24,Job Cost Report,48,In process,Approved
99,31-03-2025 04:07:24,Job Cost Report,50,Approved,In process
100,31-03-2025 04:07:24,Job Cost Report,59,Desconocido,Approved
101,31-03-2025 04:07:24,Job Cost Report,65,In process,Approved
102,31-03-2025 04:07:24,Job Cost Report,66,Desconocido,In process
103,31-03-2025 04:07:24,Job Cost Report,70,Approved,In process
104,31-03-2025 04:07:24,Job Cost Report,73,In process,Approved
105,31-03-2025 04:07:24,Job Cost Report,74,Approved,In process
106,31-03-2025 04:07:24,Job Cost Report,75,Desconocido,Approved
107,31-03-2025 04:07:24,Job Cost Report,76,Desconocido,In process
108,31-03-2025 04:07:24,Job Cost Report,81,Desconocido,Approved
109,31-03-2025 04:07:24,Job Cost Report,82,Desconocido,Approved
110,31-03-2025 04:07:24,Job Cost Report,96,Desconocido,Approved
111,31-03-2025 04:07:24,Job Cost Report,97,Desconocido,Approved
112,31-03-2025 04:07:24,Job Cost Report,103,Desconocido,Approved
113,31-03-2025 04:07:24,Job Cost Report,104,Desconocido,Approved
114,28-01-2026 14:59:48,Job Cost Report,13,Attention,In process
115,28-01-2026 14:59:48,Job Cost Report,14,Attention,In process
116,28-01-2026 14:59:48,Job Cost Report,18,Attention,Approved
117,28-01-2026 14:59:48,Job Cost Report,22,Attention,Approved
118,28-01-2026 14:59:48,Job Cost Report,23,Approved,Attention
119,28-01-2026 14:59:48,Job Cost Report,24,Approved,Attention
120,28-01-2026 14:59:48,Job Cost Report,26,Desconocido,Approved
121,28-01-2026 14:59:48,Job Cost Report,27,Desconocido,Attention
122,28-01-2026 14:59:48,Job Cost Report,28,In process,Attention
123,28-01-2026 14:59:48,Job Cost Report,29,Approved,Attention
124,28-01-2026 14:59:48,Job Cost Report,30,In process,Approved
125,28-01-2026 14:59:48,Job Cost Report,31,Desconocido,Approved
126,28-01-2026 14:59:48,Job Cost Report,32,Desconocido,Attention
127,28-01-2026 14:59:48,Job Cost Report,35,Attention,In process
128,28-01-2026 14:59:48,Job Cost Report,36,Attention,Approved
129,28-01-2026 14:59:48,Job Cost Report,37,Desconocido,In process
130,28-01-2026 14:59:48,Job Cost Report,40,Approved,Attention
131,28-01-2026 14:59:48,Job Cost Report,42,Approved,Attention
132,28-01-2026 14:59:48,Job Cost Report,43,Approved,Attention
133,28-01-2026 14:59:48,Job Cost Report,47,Approved,In process
134,28-01-2026 14:59:48,Job Cost Report,48,In process,Approved
135,28-01-2026 14:59:48,Job Cost Report,49,In process,Approved
136,28-01-2026 14:59:48,Job Cost Report,54,Approved,In process
137,28-01-2026 14:59:48,Job Cost Report,56,Approved,In process
138,28-01-2026 14:59:48,Job Cost Report,57,Approved,In process
139,28-01-2026 14:59:48,Job Cost Report,60,Desconocido,Approved
140,28-01-2026 14:59:48,Job Cost Report,65,In process,Approved
141,28-01-2026 14:59:48,Job Cost Report,66,In process,Approved
142,28-01-2026 14:59:48,Job Cost Report,69,In process,Approved
143,28-01-2026 14:59:48,Job Cost Report,73,In process,Approved
144,28-01-2026 14:59:48,Job Cost Report,74,Approved,In process
145,28-01-2026 14:59:48,Job Cost Report,77,Approved,In process
146,28-01-2026 14:59:48,Job Cost Report,78,Approved,In process
147,28-01-2026 14:59:48,Job Cost Report,82,Approved,In process
148,28-01-2026 14:59:48,Job Cost Report,83,Desconocido,Approved
149,28-01-2026 14:59:48,Job Cost Report,84,Desconocido,In process
150,28-01-2026 14:59:48,Job Cost Report,87,Desconocido,Approved
151,28-01-2026 14:59:48,Job Cost Report,88,Desconocido,Approved
152,28-01-2026 14:59:48,Job Cost Report,95,Approved,In process
153,28-01-2026 14:59:48,Job Cost Report,96,Approved,In process
154,28-01-2026 14:59:48,Job Cost Report,98,Desconocido,Approved
155,28-01-2026 14:59:48,Job Cost Report,107,Desconocido,Approved
156,28-01-2026 14:59:48,Job Cost Report,108,Desconocido,Approved
157,28-01-2026 14:59:48,Job Cost Report,109,Desconocido,Approved
158,28-01-2026 14:59:48,Job Cost Report,110,Desconocido,Approved
159,28-01-2026 14:59:48,Job Cost Report,111,Desconocido,Approved
160,28-01-2026 14:59:48,Job Cost Report,112,Desconocido,Approved
161,28-01-2026 14:59:48,Job Cost Report,113,Desconocido,Approved
162,28-01-2026 14:59:48,Job Cost Report,117,Desconocido,Approved
163,28-01-2026 14:59:48,Job Cost Report,118,Desconocido,Approved
164,28-01-2026 14:59:48,Job Cost Report,119,Desconocido,Approved
165,28-01-2026 14:59:48,Job Cost Report,120,Desconocido,Approved
166,28-01-2026 15:01:11,Job Cost Report,13,Attention,Completed
167,28-01-2026 15:01:11,Job Cost Report,14,Attention,In process
168,28-01-2026 15:01:11,Job Cost Report,18,Attention,Approved
169,28-01-2026 15:01:11,Job Cost Report,22,Attention,Approved
170,28-01-2026 15:01:11,Job Cost Report,23,Approved,Attention
171,28-01-2026 15:01:11,Job Cost Report,24,Approved,Attention
172,28-01-2026 15:01:11,Job Cost Report,28,In process,Attention
173,28-01-2026 15:01:11,Job Cost Report,29,Approved,Attention
174,28-01-2026 15:01:11,Job Cost Report,30,In process,Approved
175,28-01-2026 15:01:11,Job Cost Report,35,Attention,In process
176,28-01-2026 15:01:11,Job Cost Report,36,Attention,Approved
177,28-01-2026 15:01:11,Job Cost Report,40,Approved,Attention
178,28-01-2026 15:01:11,Job Cost Report,42,Approved,Attention
179,28-01-2026 15:01:11,Job Cost Report,43,Approved,Attention
180,28-01-2026 15:01:11,Job Cost Report,47,Approved,In process
181,28-01-2026 15:01:11,Job Cost Report,48,In process,Approved
182,28-01-2026 15:01:11,Job Cost Report,49,In process,Approved
183,28-01-2026 15:01:11,Job Cost Report,54,Approved,In process
184,28-01-2026 15:01:11,Job Cost Report,56,Approved,In process
185,28-01-2026 15:01:11,Job Cost Report,57,Approved,In process
186,28-01-2026 15:01:11,Job Cost Report,65,In process,Approved
187,28-01-2026 15:01:11,Job Cost Report,66,In process,Approved
188,28-01-2026 15:01:11,Job Cost Report,69,In process,Approved
189,28-01-2026 15:01:11,Job Cost Report,73,In process,Approved
190,28-01-2026 15:01:11,Job Cost Report,74,Approved,In process
191,28-01-2026 15:01:11,Job Cost Report,77,Approved,In process
192,28-01-2026 15:01:11,Job Cost Report,78,Approved,In process
193,28-01-2026 15:01:11,Job Cost Report,82,Approved,In process
194,28-01-2026 15:01:11,Job Cost Report,95,Approved,In process
195,28-01-2026 15:01:11,Job Cost Report,96,Approved,In process
196,2026-04-02 22:56:56,Job Cost Report,13,Attention,Completed
197,2026-04-02 22:56:56,Job Cost Report,14,Attention,In process
198,2026-04-02 22:56:56,Job Cost Report,18,Attention,Approved
199,2026-04-02 22:56:56,Job Cost Report,22,Attention,Approved
200,2026-04-02 22:56:56,Job Cost Report,23,Approved,Attention
201,2026-04-02 22:56:56,Job Cost Report,24,Approved,Attention
202,2026-04-02 22:56:56,Job Cost Report,28,In process,Attention
203,2026-04-02 22:56:56,Job Cost Report,29,Approved,Attention
204,2026-04-02 22:56:56,Job Cost Report,30,In process,Approved
205,2026-04-02 22:56:56,Job Cost Report,35,Attention,In process
206,2026-04-02 22:56:56,Job Cost Report,36,Attention,Approved
207,2026-04-02 22:56:56,Job Cost Report,40,Approved,Attention
208,2026-04-02 22:56:56,Job Cost Report,42,Approved,Attention
209,2026-04-02 22:56:56,Job Cost Report,43,Approved,Attention
210,2026-04-02 22:56:56,Job Cost Report,47,Approved,In process
211,2026-04-02 22:56:56,Job Cost Report,48,In process,Approved
212,2026-04-02 22:56:56,Job Cost Report,49,In process,Approved
213,2026-04-02 22:56:56,Job Cost Report,54,Approved,In process
214,2026-04-02 22:56:56,Job Cost Report,56,Approved,In process
215,2026-04-02 22:56:56,Job Cost Report,57,Approved,In process
216,2026-04-02 22:56:56,Job Cost Report,65,In process,Approved
217,2026-04-02 22:56:56,Job Cost Report,66,In process,Approved
218,2026-04-02 22:56:56,Job Cost Report,69,In process,Approved
219,2026-04-02 22:56:56,Job Cost Report,73,In process,Approved
220,2026-04-02 22:56:56,Job Cost Report,74,Approved,In process
221,2026-04-02 22:56:56,Job Cost Report,77,Approved,In process
222,2026-04-02 22:56:56,Job Cost Report,78,Approved,In process
223,2026-04-02 22:56:56,Job Cost Report,82,Approved,In process
224,2026-04-02 22:56:56,Job Cost Report,95,Approved,In process
225,2026-04-02 22:56:56,Job Cost Report,96,Approved,In process
