id,wbs,week_start,planned_amount,is_painted,fill_rgb,src_col
1,0,2024-10-06,,1,FFCCCCCC,U
2,0,2024-10-13,,1,FFCCCCCC,V
3,0,2024-10-20,,1,FFCCCCCC,W
4,0,2024-10-27,,1,FFCCCCCC,X
5,0,2024-11-03,,1,FFCCCCCC,Y
6,0,2024-11-10,,1,FFCCCCCC,Z
7,0,2024-11-17,,1,FFCCCCCC,AA
8,0,2024-11-24,,1,FFCCCCCC,AB
9,0,2024-12-01,,1,FFCCCCCC,AC
10,0,2024-12-08,,1,FFCCCCCC,AD
11,0,2024-12-15,,1,FFCCCCCC,AE
12,0,2024-12-22,,1,FFCCCCCC,AF
13,0,2025-12-22,,1,FFCCCCCC,AG
14,0,2025-01-05,,1,FFCCCCCC,AH
15,0,2025-01-12,,1,FFCCCCCC,AI
16,0,2025-01-19,,1,FFCCCCCC,AJ
17,0,2025-01-26,,1,FFCCCCCC,AK
18,0,2025-02-02,,1,FFCCCCCC,AL
19,0,2025-02-09,,1,FFCCCCCC,AM
20,0,2025-02-16,,1,FFCCCCCC,AN
21,0,2025-02-23,,1,FFCCCCCC,AO
22,0,2025-03-02,,1,FFCCCCCC,AP
23,0,2025-03-09,,1,FFCCCCCC,AQ
24,0,2025-03-16,,1,FFCCCCCC,AR
25,0,2025-03-23,,1,FFCCCCCC,AS
26,0,2025-04-06,,1,FFCCCCCC,AT
27,0,2025-04-13,,1,FFCCCCCC,AU
28,0,2025-04-20,,1,FFCCCCCC,AV
29,0,2025-04-27,,1,FFCCCCCC,AW
30,0,2025-05-04,,1,FFCCCCCC,AX
31,0,2025-05-11,,1,FFCCCCCC,AY
32,0,2025-05-18,,1,FFCCCCCC,AZ
33,0,2025-05-25,,1,FFCCCCCC,BA
34,0,2025-06-01,,1,FFCCCCCC,BB
35,0,2025-06-08,,1,FFCCCCCC,BC
36,0,2025-06-15,,1,FFCCCCCC,BD
37,0,2025-06-22,,1,FFCCCCCC,BE
38,0,2025-07-06,,1,FFCCCCCC,BF
39,0,2025-07-13,,1,FFCCCCCC,BG
40,0,2025-07-20,,1,FFCCCCCC,BH
41,0,2025-07-27,,1,FFCCCCCC,BI
42,0,2025-08-03,,1,FFCCCCCC,BJ
43,0,2025-08-10,,1,FFCCCCCC,BK
44,0,2025-08-17,,1,FFCCCCCC,BL
45,0,2025-08-24,,1,FFCCCCCC,BM
46,0,2025-09-07,,1,FFCCCCCC,BN
47,0,2025-09-14,,1,FFCCCCCC,BO
48,0,2025-09-21,,1,FFCCCCCC,BP
49,0,2025-09-28,,1,FFCCCCCC,BQ
50,0,2025-10-05,,1,FFCCCCCC,BR
51,0,2025-10-12,,1,FFCCCCCC,BS
52,0,2025-10-19,,1,FFCCCCCC,BT
53,0,2025-10-26,,1,FFCCCCCC,BU
54,0,2025-11-02,,1,FFCCCCCC,BV
55,0,2025-11-09,,1,FFCCCCCC,BW
56,0,2025-11-16,,1,FFCCCCCC,BX
57,0,2025-11-23,,1,FFCCCCCC,BY
58,0,2025-12-07,,1,FFCCCCCC,BZ
59,0,2025-12-14,,1,FFCCCCCC,CA
60,0,2025-12-21,,1,FFCCCCCC,CB
61,0,2025-12-28,,1,FFCCCCCC,CC
62,0,2026-01-05,,1,FFCCCCCC,CD
63,0,2026-01-12,,1,FFCCCCCC,CE
64,0,2026-01-19,,1,FFCCCCCC,CF
65,0,2026-01-26,,1,FFCCCCCC,CG
66,0,2026-02-02,,1,FFCCCCCC,CI
67,0,2026-02-09,,1,FFCCCCCC,CJ
68,0,2026-02-16,,1,FFCCCCCC,CK
69,0,2026-02-23,,1,FFCCCCCC,CL
70,0,2026-03-02,,1,FFCCCCCC,CN
71,0,2026-03-09,,1,FFCCCCCC,CO
72,0,2026-03-16,,1,FFCCCCCC,CP
73,0,2026-03-23,,1,FFCCCCCC,CQ
74,0,2026-03-30,,1,FFCCCCCC,CR
75,0,2026-04-06,,1,FFCCCCCC,CS
76,0,2026-04-13,,1,FFCCCCCC,CT
77,0,2026-04-20,,1,FFCCCCCC,CU
78,0,2026-04-27,,1,FFCCCCCC,CV
79,0,2026-05-04,,1,FFCCCCCC,CW
80,0,2026-05-11,,1,FFCCCCCC,CY
81,0,2026-05-18,,1,FFCCCCCC,CZ
82,0,2026-05-25,,1,FFCCCCCC,DA
83,0,2026-06-01,,1,FFCCCCCC,DC
84,0,2026-06-08,,1,FFCCCCCC,DD
85,0,2026-06-15,,1,FFCCCCCC,DE
86,0,2026-06-22,,1,FFCCCCCC,DF
87,0,2026-06-29,,1,FFCCCCCC,DG
88,0,2026-07-06,,1,FFCCCCCC,DH
89,0,2026-07-13,,1,FFCCCCCC,DI
90,0,2026-07-20,,1,FFCCCCCC,DJ
91,0,2026-07-27,,1,FFCCCCCC,DK
92,0,2026-08-03,,1,FFCCCCCC,DM
93,0,2026-08-10,,1,FFCCCCCC,DN
94,0,2026-08-17,,1,FFCCCCCC,DO
95,0,2026-08-24,,1,FFCCCCCC,DP
96,0,2026-08-31,,1,FFCCCCCC,DQ
97,0,2026-09-07,,1,FFCCCCCC,DR
98,0,2026-09-14,,1,FFCCCCCC,DS
99,0,2026-09-21,,1,FFCCCCCC,DT
100,0,2026-09-28,,1,FFCCCCCC,DU
101,0,2026-10-05,,1,FFCCCCCC,DW
102,0,2026-10-12,,1,FFCCCCCC,DX
103,0,2026-10-19,,1,FFCCCCCC,DY
104,0,2026-10-26,,1,FFCCCCCC,DZ
105,0,2026-11-02,,1,FFCCCCCC,EB
106,0,2026-11-09,,1,FFCCCCCC,EC
107,0,2026-11-16,,1,FFCCCCCC,ED
108,0,2026-11-23,,1,FFCCCCCC,EE
109,0,2026-11-30,,1,FFCCCCCC,EF
110,0,2026-12-07,,1,FFCCCCCC,EG
111,0,2026-12-14,,1,FFCCCCCC,EH
112,0,2026-12-21,,1,FFCCCCCC,EI
113,0,2026-12-28,,1,FFCCCCCC,EJ
114,0,2027-01-04,,1,FFCCCCCC,EK
115,0,2027-01-11,,1,FFCCCCCC,EL
116,0,2027-01-18,,1,FFCCCCCC,EM
117,0,2027-01-25,,1,FFCCCCCC,EN
118,0,2027-02-01,,1,FFCCCCCC,EO
119,0,2027-02-08,,1,FFCCCCCC,EP
120,0,2027-02-15,,1,FFCCCCCC,EQ
121,0,2027-02-22,,1,FFCCCCCC,ER
122,0,2027-03-01,,1,FFCCCCCC,ES
123,0,2027-03-08,,1,FFCCCCCC,ET
124,0,2027-03-15,,1,FFCCCCCC,EU
125,0,2027-03-22,,1,FFCCCCCC,EV
126,0,2027-03-29,,1,FFCCCCCC,EW
127,0,2027-04-05,,1,FFCCCCCC,EX
128,0,2027-04-12,,1,FFCCCCCC,EY
129,0,2027-04-19,,1,FFCCCCCC,EZ
130,0,2027-04-26,,1,FFCCCCCC,FA
131,0,2027-05-03,,1,FFCCCCCC,FB
132,0,2027-05-10,,1,FFCCCCCC,FC
133,0,2027-05-17,,1,FFCCCCCC,FD
134,0,2027-05-24,,1,FFCCCCCC,FE
135,0,2027-05-31,,1,FFCCCCCC,FF
136,0,2027-06-07,,1,FFCCCCCC,FG
137,0,2027-06-14,,1,FFCCCCCC,FH
138,0,2027-06-21,,1,FFCCCCCC,FI
139,0,2027-06-28,,1,FFCCCCCC,FJ
140,0,2027-07-05,,1,FFCCCCCC,FK
141,0,2027-07-12,,1,FFCCCCCC,FL
142,0,2027-07-19,,1,FFCCCCCC,FM
143,0,2027-07-26,,1,FFCCCCCC,FN
144,0,2027-08-02,,1,FFCCCCCC,FO
145,0,2027-08-09,,1,FFCCCCCC,FP
146,0,2027-08-16,,1,FFCCCCCC,FQ
147,0,2027-08-23,,1,FFCCCCCC,FR
148,0,2027-08-30,,1,FFCCCCCC,FS
149,0,2027-09-06,,1,FFCCCCCC,FT
150,0,2027-09-13,,1,FFCCCCCC,FU
151,0,2027-09-20,,1,FFCCCCCC,FV
152,0,2027-09-27,,1,FFCCCCCC,FW
153,0,2027-10-04,,1,FFCCCCCC,FX
154,0,2027-10-11,,1,FFCCCCCC,FY
155,0,2027-10-18,,1,FFCCCCCC,FZ
156,0,2027-10-25,,1,FFCCCCCC,GA
157,0,2027-11-01,,1,FFCCCCCC,GB
158,0,2027-11-08,,1,FFCCCCCC,GC
159,0,2027-11-15,,1,FFCCCCCC,GD
160,0,2027-11-22,,1,FFCCCCCC,GE
161,0,2027-11-29,,1,FFCCCCCC,GF
162,0,2027-12-06,,1,FFCCCCCC,GG
163,0,2027-12-13,,1,FFCCCCCC,GH
164,0,2027-12-20,,1,FFCCCCCC,GI
165,0,2027-12-27,,1,FFCCCCCC,GJ
166,0,2028-01-03,,1,FFCCCCCC,GK
167,0,2028-01-10,,1,FFCCCCCC,GL
168,0,2028-01-17,,1,FFCCCCCC,GM
169,0,2028-01-24,,1,FFCCCCCC,GN
170,0.0001,2024-10-13,308014.48,0,,V
171,0.0001,2025-01-26,79957.38,0,,AK
172,0.0002,2024-10-20,7500000.0,0,,W
173,0.0002,2025-10-26,1875000.0,0,,BU
174,0.0002,2026-09-28,1875000.0,0,,DU
175,0.1,2025-10-26,450000.0,0,,BU
176,0.1,2026-09-28,337500.0,0,,DU
177,0.1.1,2026-09-28,20000.0,0,,DU
178,0.1.2,2026-02-23,37500.0,0,,CL
179,0.1.2,2026-09-28,37500.0,0,,DU
180,0.1.3,2026-02-23,6300.0,0,,CL
181,0.1.3,2026-09-28,6300.0,0,,DU
182,0.2,2025-03-23,82507.5,0,,AS
183,0.2,2026-03-23,,1,FFFFFF00,CQ
184,0.2,2026-05-25,4492.5,0,,DA
185,0.3,2024-12-22,50795.05,0,,AF
186,0.3,2026-03-23,0.0,1,FFFFFF00,CQ
187,0.3.1,2024-11-24,27636.1,0,,AB
188,0.3.1,2026-03-23,,1,FFFFFF00,CQ
189,0.4,2025-12-28,64250.0,0,,CC
190,0.4,2026-01-26,3750.0,0,,CG
191,0.4,2026-02-23,3750.0,0,,CL
192,0.4,2026-03-23,3750.0,1,FFFFFF00,CQ
193,0.4,2026-04-27,3750.0,0,,CV
194,0.4,2026-05-25,3750.0,0,,DA
195,0.4,2026-06-22,3750.0,0,,DF
196,0.4,2026-07-27,3750.0,0,,DK
197,0.4,2026-08-24,3750.0,0,,DP
198,0.4,2026-09-28,3250.0,0,,DU
199,0.4,2026-10-26,3750.0,0,,DZ
200,0.4,2026-11-23,3750.0,0,,EE
201,0.4,2026-12-28,3750.0,0,,EJ
202,0.5,2024-12-22,3000.0,0,,AF
203,0.5,2025-03-23,3000.0,0,,AS
204,0.5,2025-06-22,3000.0,0,,BE
205,0.5,2025-09-28,3000.0,0,,BQ
206,0.5,2025-12-28,3000.0,0,,CC
207,0.5,2026-03-23,,1,FFFFFF00,CQ
208,0.6.1,2025-12-28,20437.88,0,,CC
209,0.6.1,2026-01-26,1824.71,0,,CG
210,0.6.1,2026-02-23,1824.71,0,,CL
211,0.6.1,2026-03-23,1824.71,1,FFFFFF00,CQ
212,0.6.1,2026-04-27,1824.71,0,,CV
213,0.6.1,2026-05-25,1824.71,0,,DA
214,0.6.1,2026-06-22,1824.71,0,,DF
215,0.6.1,2026-07-27,1824.71,0,,DK
216,0.6.1,2026-08-24,1824.71,0,,DP
217,0.6.1,2026-09-28,1824.71,0,,DU
218,0.6.1,2026-10-26,1824.71,0,,DZ
219,0.6.1,2026-11-23,1824.71,0,,EE
220,0.6.1,2026-12-28,1824.71,0,,EJ
221,0.6.2,2025-12-28,9569.41,0,,CC
222,0.6.2,2026-01-26,1000.0,0,,CG
223,0.6.2,2026-02-23,1000.0,0,,CL
224,0.6.2,2026-03-23,1000.0,1,FFFFFF00,CQ
225,0.6.2,2026-04-27,1000.0,0,,CV
226,0.6.2,2026-05-25,1000.0,0,,DA
227,0.6.2,2026-06-22,1000.0,0,,DF
228,0.6.2,2026-07-27,1000.0,0,,DK
229,0.6.2,2026-08-24,600.0,0,,DP
230,0.6.2,2026-09-28,1000.0,0,,DU
231,0.6.2,2026-10-26,1000.0,0,,DZ
232,0.6.2,2026-11-23,1000.0,0,,EE
233,0.6.2,2026-12-28,1000.0,0,,EJ
234,0.6.3,2025-12-28,2400.0,0,,CC
235,0.6.3,2026-01-26,1392.3550000000005,0,,CG
236,0.6.3,2026-02-23,1412.3550000000005,0,,CL
237,0.6.3,2026-03-23,1412.3550000000005,1,FFFFFF00,CQ
238,0.6.3,2026-04-27,1412.3550000000005,0,,CV
239,0.6.3,2026-05-25,1412.3550000000005,0,,DA
240,0.6.3,2026-06-22,1412.3550000000005,0,,DF
241,0.6.3,2026-07-27,1412.3550000000005,0,,DK
242,0.6.3,2026-08-24,1212.355,0,,DP
243,0.6.3,2026-09-28,1412.3550000000005,0,,DU
244,0.6.3,2026-10-26,1412.3550000000005,0,,DZ
245,0.6.3,2026-11-23,1412.3550000000005,0,,EE
246,0.6.3,2026-12-21,1671.74,0,,EI
247,0.6.3,2026-12-28,1412.3550000000005,0,,EJ
248,0.6.4,2024-12-15,20000.0,0,,AE
249,0.6.4,2026-03-23,,1,FFFFFF00,CQ
250,0.6.4,2026-05-04,2500.0,0,,CW
251,0.6.4,2026-05-11,29998.0,0,,CY
252,0.6.4,2026-06-22,2500.0,0,,DF
253,0.6.4,2026-09-28,2500.0,0,,DU
254,0.6.5,2026-03-23,,1,FFFFFF00,CQ
255,0.6.5,2026-05-11,13000.0,0,,CY
256,0.6.5,2026-12-28,8000.0,0,,EJ
257,0.7,2024-11-24,42375.0,0,,AB
258,0.7,2024-12-22,14124.999999999998,0,,AF
259,0.7,2025-01-26,14124.999999999998,0,,AK
260,0.7,2025-02-23,14124.999999999998,0,,AO
261,0.7,2025-03-23,14124.999999999998,0,,AS
262,0.7,2025-04-27,14124.999999999998,0,,AW
263,0.7,2025-05-25,14124.999999999998,0,,BA
264,0.7,2025-06-22,14124.999999999998,0,,BE
265,0.7,2025-07-27,14124.999999999998,0,,BI
266,0.7,2025-08-24,14124.999999999998,0,,BM
267,0.7,2025-09-28,14124.999999999998,0,,BQ
268,0.7,2025-10-26,14124.999999999998,0,,BU
269,0.7,2025-11-23,14124.999999999998,0,,BY
270,0.7,2025-12-28,14124.999999999998,0,,CC
271,0.7,2026-01-26,14124.999999999998,0,,CG
272,0.7,2026-02-23,14124.999999999998,0,,CL
273,0.7,2026-03-23,14124.999999999998,1,FFFFFF00,CQ
274,0.7,2026-04-27,14124.999999999998,0,,CV
275,0.7,2026-05-25,14124.999999999998,0,,DA
276,0.7,2026-06-22,14124.999999999998,0,,DF
277,0.7,2026-07-27,14124.999999999998,0,,DK
278,0.7,2026-08-24,14124.999999999998,0,,DP
279,0.7,2026-09-28,14124.999999999998,0,,DU
280,0.7,2026-10-26,14124.999999999998,0,,DZ
281,0.7,2026-11-23,14124.999999999998,0,,EE
282,0.7,2026-12-28,14124.999999999998,0,,EJ
283,0.8,2026-04-06,30000.0,0,,CS
284,0.9,2025-12-28,14639.8,0,,CC
285,0.9,2026-02-23,2000.0,0,,CL
286,0.9,2026-05-25,2000.0,0,,DA
287,0.9,2026-08-24,2000.0,0,,DP
288,0.9,2026-10-05,31840.2,0,,DW
289,0.911,2024-11-24,6000.0,0,,AB
290,1,2024-10-06,,1,FFCCCCCC,U
291,1,2024-10-13,,1,FFCCCCCC,V
292,1,2024-10-20,,1,FFCCCCCC,W
293,1,2024-10-27,,1,FFCCCCCC,X
294,1,2024-11-03,,1,FFCCCCCC,Y
295,1,2024-11-10,,1,FFCCCCCC,Z
296,1,2024-11-17,,1,FFCCCCCC,AA
297,1,2024-11-24,,1,FFCCCCCC,AB
298,1,2024-12-01,,1,FFCCCCCC,AC
299,1,2024-12-08,,1,FFCCCCCC,AD
300,1,2024-12-15,,1,FFCCCCCC,AE
301,1,2024-12-22,,1,FFCCCCCC,AF
302,1,2025-12-22,,1,FFCCCCCC,AG
303,1,2025-01-05,,1,FFCCCCCC,AH
304,1,2025-01-12,,1,FFCCCCCC,AI
305,1,2025-01-19,,1,FFCCCCCC,AJ
306,1,2025-01-26,,1,FFCCCCCC,AK
307,1,2025-02-02,,1,FFCCCCCC,AL
308,1,2025-02-09,,1,FFCCCCCC,AM
309,1,2025-02-16,,1,FFCCCCCC,AN
310,1,2025-02-23,,1,FFCCCCCC,AO
311,1,2025-03-02,,1,FFCCCCCC,AP
312,1,2025-03-09,,1,FFCCCCCC,AQ
313,1,2025-03-16,,1,FFCCCCCC,AR
314,1,2025-03-23,,1,FFCCCCCC,AS
315,1,2025-04-06,,1,FFCCCCCC,AT
316,1,2025-04-13,,1,FFCCCCCC,AU
317,1,2025-04-20,,1,FFCCCCCC,AV
318,1,2025-04-27,,1,FFCCCCCC,AW
319,1,2025-05-04,,1,FFCCCCCC,AX
320,1,2025-05-11,,1,FFCCCCCC,AY
321,1,2025-05-18,,1,FFCCCCCC,AZ
322,1,2025-05-25,,1,FFCCCCCC,BA
323,1,2025-06-01,,1,FFCCCCCC,BB
324,1,2025-06-08,,1,FFCCCCCC,BC
325,1,2025-06-15,,1,FFCCCCCC,BD
326,1,2025-06-22,,1,FFCCCCCC,BE
327,1,2025-07-06,,1,FFCCCCCC,BF
328,1,2025-07-13,,1,FFCCCCCC,BG
329,1,2025-07-20,,1,FFCCCCCC,BH
330,1,2025-07-27,,1,FFCCCCCC,BI
331,1,2025-08-03,,1,FFCCCCCC,BJ
332,1,2025-08-10,,1,FFCCCCCC,BK
333,1,2025-08-17,,1,FFCCCCCC,BL
334,1,2025-08-24,,1,FFCCCCCC,BM
335,1,2025-09-07,,1,FFCCCCCC,BN
336,1,2025-09-14,,1,FFCCCCCC,BO
337,1,2025-09-21,,1,FFCCCCCC,BP
338,1,2025-09-28,,1,FFCCCCCC,BQ
339,1,2025-10-05,,1,FFCCCCCC,BR
340,1,2025-10-12,,1,FFCCCCCC,BS
341,1,2025-10-19,,1,FFCCCCCC,BT
342,1,2025-10-26,,1,FFCCCCCC,BU
343,1,2025-11-02,,1,FFCCCCCC,BV
344,1,2025-11-09,,1,FFCCCCCC,BW
345,1,2025-11-16,,1,FFCCCCCC,BX
346,1,2025-11-23,,1,FFCCCCCC,BY
347,1,2025-12-07,,1,FFCCCCCC,BZ
348,1,2025-12-14,,1,FFCCCCCC,CA
349,1,2025-12-21,,1,FFCCCCCC,CB
350,1,2025-12-28,,1,FFCCCCCC,CC
351,1,2026-01-05,,1,FFCCCCCC,CD
352,1,2026-01-12,,1,FFCCCCCC,CE
353,1,2026-01-19,,1,FFCCCCCC,CF
354,1,2026-01-26,,1,FFCCCCCC,CG
355,1,2026-02-02,,1,FFCCCCCC,CI
356,1,2026-02-09,,1,FFCCCCCC,CJ
357,1,2026-02-16,,1,FFCCCCCC,CK
358,1,2026-02-23,,1,FFCCCCCC,CL
359,1,2026-03-02,,1,FFCCCCCC,CN
360,1,2026-03-09,,1,FFCCCCCC,CO
361,1,2026-03-16,,1,FFCCCCCC,CP
362,1,2026-03-23,,1,FFCCCCCC,CQ
363,1,2026-03-30,,1,FFCCCCCC,CR
364,1,2026-04-06,,1,FFCCCCCC,CS
365,1,2026-04-13,,1,FFCCCCCC,CT
366,1,2026-04-20,,1,FFCCCCCC,CU
367,1,2026-04-27,,1,FFCCCCCC,CV
368,1,2026-05-04,,1,FFCCCCCC,CW
369,1,2026-05-11,,1,FFCCCCCC,CY
370,1,2026-05-18,,1,FFCCCCCC,CZ
371,1,2026-05-25,,1,FFCCCCCC,DA
372,1,2026-06-01,,1,FFCCCCCC,DC
373,1,2026-06-08,,1,FFCCCCCC,DD
374,1,2026-06-15,,1,FFCCCCCC,DE
375,1,2026-06-22,,1,FFCCCCCC,DF
376,1,2026-06-29,,1,FFCCCCCC,DG
377,1,2026-07-06,,1,FFCCCCCC,DH
378,1,2026-07-13,,1,FFCCCCCC,DI
379,1,2026-07-20,,1,FFCCCCCC,DJ
380,1,2026-07-27,,1,FFCCCCCC,DK
381,1,2026-08-03,,1,FFCCCCCC,DM
382,1,2026-08-10,,1,FFCCCCCC,DN
383,1,2026-08-17,,1,FFCCCCCC,DO
384,1,2026-08-24,,1,FFCCCCCC,DP
385,1,2026-08-31,,1,FFCCCCCC,DQ
386,1,2026-09-07,,1,FFCCCCCC,DR
387,1,2026-09-14,,1,FFCCCCCC,DS
388,1,2026-09-21,,1,FFCCCCCC,DT
389,1,2026-09-28,,1,FFCCCCCC,DU
390,1,2026-10-05,,1,FFCCCCCC,DW
391,1,2026-10-12,,1,FFCCCCCC,DX
392,1,2026-10-19,,1,FFCCCCCC,DY
393,1,2026-10-26,,1,FFCCCCCC,DZ
394,1,2026-11-02,,1,FFCCCCCC,EB
395,1,2026-11-09,,1,FFCCCCCC,EC
396,1,2026-11-16,,1,FFCCCCCC,ED
397,1,2026-11-23,,1,FFCCCCCC,EE
398,1,2026-11-30,,1,FFCCCCCC,EF
399,1,2026-12-07,,1,FFCCCCCC,EG
400,1,2026-12-14,,1,FFCCCCCC,EH
401,1,2026-12-21,,1,FFCCCCCC,EI
402,1,2026-12-28,,1,FFCCCCCC,EJ
403,1,2027-01-04,,1,FFCCCCCC,EK
404,1,2027-01-11,,1,FFCCCCCC,EL
405,1,2027-01-18,,1,FFCCCCCC,EM
406,1,2027-01-25,,1,FFCCCCCC,EN
407,1,2027-02-01,,1,FFCCCCCC,EO
408,1,2027-02-08,,1,FFCCCCCC,EP
409,1,2027-02-15,,1,FFCCCCCC,EQ
410,1,2027-02-22,,1,FFCCCCCC,ER
411,1,2027-03-01,,1,FFCCCCCC,ES
412,1,2027-03-08,,1,FFCCCCCC,ET
413,1,2027-03-15,,1,FFCCCCCC,EU
414,1,2027-03-22,,1,FFCCCCCC,EV
415,1,2027-03-29,,1,FFCCCCCC,EW
416,1,2027-04-05,,1,FFCCCCCC,EX
417,1,2027-04-12,,1,FFCCCCCC,EY
418,1,2027-04-19,,1,FFCCCCCC,EZ
419,1,2027-04-26,,1,FFCCCCCC,FA
420,1,2027-05-03,,1,FFCCCCCC,FB
421,1,2027-05-10,,1,FFCCCCCC,FC
422,1,2027-05-17,,1,FFCCCCCC,FD
423,1,2027-05-24,,1,FFCCCCCC,FE
424,1,2027-05-31,,1,FFCCCCCC,FF
425,1,2027-06-07,,1,FFFFF5B4,FG
426,1,2027-06-14,,1,FFCCCCCC,FH
427,1,2027-06-21,,1,FFCCCCCC,FI
428,1,2027-06-28,,1,FFCCCCCC,FJ
429,1,2027-07-05,,1,FFCCCCCC,FK
430,1,2027-07-12,,1,FFCCCCCC,FL
431,1,2027-07-19,,1,FFCCCCCC,FM
432,1,2027-07-26,,1,FFCCCCCC,FN
433,1,2027-08-02,,1,FFCCCCCC,FO
434,1,2027-08-09,,1,FFCCCCCC,FP
435,1,2027-08-16,,1,FFCCCCCC,FQ
436,1,2027-08-23,,1,FFCCCCCC,FR
437,1,2027-08-30,,1,FFCCCCCC,FS
438,1,2027-09-06,,1,FFCCCCCC,FT
439,1,2027-09-13,,1,FFCCCCCC,FU
440,1,2027-09-20,,1,FFCCCCCC,FV
441,1,2027-09-27,,1,FFCCCCCC,FW
442,1,2027-10-04,,1,FFCCCCCC,FX
443,1,2027-10-11,,1,FFCCCCCC,FY
444,1,2027-10-18,,1,FFCCCCCC,FZ
445,1,2027-10-25,,1,FFCCCCCC,GA
446,1,2027-11-01,,1,FFCCCCCC,GB
447,1,2027-11-08,,1,FFCCCCCC,GC
448,1,2027-11-15,,1,FFCCCCCC,GD
449,1,2027-11-22,,1,FFCCCCCC,GE
450,1,2027-11-29,,1,FFCCCCCC,GF
451,1,2027-12-06,,1,FFCCCCCC,GG
452,1,2027-12-13,,1,FFCCCCCC,GH
453,1,2027-12-20,,1,FFCCCCCC,GI
454,1,2027-12-27,,1,FFCCCCCC,GJ
455,1,2028-01-17,,1,FFCCCCCC,GM
456,1,2028-01-24,,1,FFCCCCCC,GN
457,1.1,2026-05-25,40000.0,0,,DA
458,1.1,2026-06-22,40000.0,0,,DF
459,1.2,2025-10-05,4400.0,0,,BR
460,1.2,2025-10-12,4400.0,0,,BS
461,1.2,2025-10-19,4400.0,0,,BT
462,1.2,2025-10-26,4400.0,0,,BU
463,1.2,2026-05-25,28380.0,0,,DA
464,1.2,2026-09-07,4400.0,0,,DR
465,1.2,2026-09-14,4400.0,0,,DS
466,1.2,2026-09-21,4400.0,0,,DT
467,1.2,2026-09-28,4400.0,0,,DU
468,1.3,2024-11-24,6480.0,0,,AB
469,1.3,2025-01-12,800.0,0,,AI
470,1.3,2025-01-19,800.0,0,,AJ
471,1.3,2025-01-26,800.0,0,,AK
472,1.3,2025-02-02,800.0,0,,AL
473,1.4,2025-03-09,155000.0,0,,AQ
474,1.4,2025-12-28,49314.4,0,,CC
475,2,2024-10-06,,1,FFCCCCCC,U
476,2,2024-10-13,,1,FFCCCCCC,V
477,2,2024-10-20,,1,FFCCCCCC,W
478,2,2024-10-27,,1,FFCCCCCC,X
479,2,2024-11-03,,1,FFCCCCCC,Y
480,2,2024-11-10,,1,FFCCCCCC,Z
481,2,2024-11-17,,1,FFCCCCCC,AA
482,2,2024-11-24,,1,FFCCCCCC,AB
483,2,2024-12-01,,1,FFCCCCCC,AC
484,2,2024-12-08,,1,FFCCCCCC,AD
485,2,2024-12-15,,1,FFCCCCCC,AE
486,2,2024-12-22,,1,FFCCCCCC,AF
487,2,2025-12-22,,1,FFCCCCCC,AG
488,2,2025-01-05,,1,FFCCCCCC,AH
489,2,2025-01-12,,1,FFCCCCCC,AI
490,2,2025-01-19,,1,FFCCCCCC,AJ
491,2,2025-01-26,,1,FFCCCCCC,AK
492,2,2025-02-02,,1,FFCCCCCC,AL
493,2,2025-02-09,,1,FFCCCCCC,AM
494,2,2025-02-16,,1,FFCCCCCC,AN
495,2,2025-02-23,,1,FFCCCCCC,AO
496,2,2025-03-02,,1,FFCCCCCC,AP
497,2,2025-03-09,,1,FFCCCCCC,AQ
498,2,2025-03-16,,1,FFCCCCCC,AR
499,2,2025-03-23,,1,FFCCCCCC,AS
500,2,2025-04-06,,1,FFCCCCCC,AT
501,2,2025-04-13,,1,FFCCCCCC,AU
502,2,2025-04-20,,1,FFCCCCCC,AV
503,2,2025-04-27,,1,FFCCCCCC,AW
504,2,2025-05-04,,1,FFCCCCCC,AX
505,2,2025-05-11,,1,FFCCCCCC,AY
506,2,2025-05-18,,1,FFCCCCCC,AZ
507,2,2025-05-25,,1,FFCCCCCC,BA
508,2,2025-06-01,,1,FFCCCCCC,BB
509,2,2025-06-08,,1,FFCCCCCC,BC
510,2,2025-06-15,,1,FFCCCCCC,BD
511,2,2025-06-22,,1,FFCCCCCC,BE
512,2,2025-07-06,,1,FFCCCCCC,BF
513,2,2025-07-13,,1,FFCCCCCC,BG
514,2,2025-07-20,,1,FFCCCCCC,BH
515,2,2025-07-27,,1,FFCCCCCC,BI
516,2,2025-08-03,,1,FFCCCCCC,BJ
517,2,2025-08-10,,1,FFCCCCCC,BK
518,2,2025-08-17,,1,FFCCCCCC,BL
519,2,2025-08-24,,1,FFCCCCCC,BM
520,2,2025-09-07,,1,FFCCCCCC,BN
521,2,2025-09-14,,1,FFCCCCCC,BO
522,2,2025-09-21,,1,FFCCCCCC,BP
523,2,2025-09-28,,1,FFCCCCCC,BQ
524,2,2025-10-05,,1,FFCCCCCC,BR
525,2,2025-10-12,,1,FFCCCCCC,BS
526,2,2025-10-19,,1,FFCCCCCC,BT
527,2,2025-10-26,,1,FFCCCCCC,BU
528,2,2025-11-02,,1,FFCCCCCC,BV
529,2,2025-11-09,,1,FFCCCCCC,BW
530,2,2025-11-16,,1,FFCCCCCC,BX
531,2,2025-11-23,,1,FFCCCCCC,BY
532,2,2025-12-07,,1,FFCCCCCC,BZ
533,2,2025-12-14,,1,FFCCCCCC,CA
534,2,2025-12-21,,1,FFCCCCCC,CB
535,2,2025-12-28,,1,FFCCCCCC,CC
536,2,2026-01-05,,1,FFCCCCCC,CD
537,2,2026-01-12,,1,FFCCCCCC,CE
538,2,2026-01-19,,1,FFCCCCCC,CF
539,2,2026-01-26,,1,FFCCCCCC,CG
540,2,2026-02-02,,1,FFCCCCCC,CI
541,2,2026-02-09,,1,FFCCCCCC,CJ
542,2,2026-02-16,,1,FFCCCCCC,CK
543,2,2026-02-23,,1,FFCCCCCC,CL
544,2,2026-03-02,,1,FFCCCCCC,CN
545,2,2026-03-09,,1,FFCCCCCC,CO
546,2,2026-03-16,,1,FFCCCCCC,CP
547,2,2026-03-23,,1,FFCCCCCC,CQ
548,2,2026-03-30,,1,FFCCCCCC,CR
549,2,2026-04-06,,1,FFCCCCCC,CS
550,2,2026-04-13,,1,FFCCCCCC,CT
551,2,2026-04-20,,1,FFCCCCCC,CU
552,2,2026-04-27,,1,FFCCCCCC,CV
553,2,2026-05-04,,1,FFCCCCCC,CW
554,2,2026-05-11,,1,FFCCCCCC,CY
555,2,2026-05-18,,1,FFCCCCCC,CZ
556,2,2026-05-25,,1,FFCCCCCC,DA
557,2,2026-06-01,,1,FFCCCCCC,DC
558,2,2026-06-08,,1,FFCCCCCC,DD
559,2,2026-06-15,,1,FFCCCCCC,DE
560,2,2026-06-22,,1,FFCCCCCC,DF
561,2,2026-06-29,,1,FFCCCCCC,DG
562,2,2026-07-06,,1,FFCCCCCC,DH
563,2,2026-07-13,,1,FFCCCCCC,DI
564,2,2026-07-20,,1,FFCCCCCC,DJ
565,2,2026-07-27,,1,FFCCCCCC,DK
566,2,2026-08-03,,1,FFCCCCCC,DM
567,2,2026-08-10,,1,FFCCCCCC,DN
568,2,2026-08-17,,1,FFCCCCCC,DO
569,2,2026-08-24,,1,FFCCCCCC,DP
570,2,2026-08-31,,1,FFCCCCCC,DQ
571,2,2026-09-07,,1,FFCCCCCC,DR
572,2,2026-09-14,,1,FFCCCCCC,DS
573,2,2026-09-21,,1,FFCCCCCC,DT
574,2,2026-09-28,,1,FFCCCCCC,DU
575,2,2026-10-05,,1,FFCCCCCC,DW
576,2,2026-10-12,,1,FFCCCCCC,DX
577,2,2026-10-19,,1,FFCCCCCC,DY
578,2,2026-10-26,,1,FFCCCCCC,DZ
579,2,2026-11-02,,1,FFCCCCCC,EB
580,2,2026-11-09,,1,FFCCCCCC,EC
581,2,2026-11-16,,1,FFCCCCCC,ED
582,2,2026-11-23,,1,FFCCCCCC,EE
583,2,2026-11-30,,1,FFCCCCCC,EF
584,2,2026-12-07,,1,FFCCCCCC,EG
585,2,2026-12-14,,1,FFCCCCCC,EH
586,2,2026-12-21,,1,FFCCCCCC,EI
587,2,2026-12-28,,1,FFCCCCCC,EJ
588,2,2027-01-04,,1,FFCCCCCC,EK
589,2,2027-01-11,,1,FFCCCCCC,EL
590,2,2027-01-18,,1,FFCCCCCC,EM
591,2,2027-01-25,,1,FFCCCCCC,EN
592,2,2027-02-01,,1,FFCCCCCC,EO
593,2,2027-02-08,,1,FFCCCCCC,EP
594,2,2027-02-15,,1,FFCCCCCC,EQ
595,2,2027-02-22,,1,FFCCCCCC,ER
596,2,2027-03-01,,1,FFCCCCCC,ES
597,2,2027-03-08,,1,FFCCCCCC,ET
598,2,2027-03-15,,1,FFCCCCCC,EU
599,2,2027-03-22,,1,FFCCCCCC,EV
600,2,2027-03-29,,1,FFCCCCCC,EW
601,2,2027-04-05,,1,FFCCCCCC,EX
602,2,2027-04-12,,1,FFCCCCCC,EY
603,2,2027-04-19,,1,FFCCCCCC,EZ
604,2,2027-04-26,,1,FFCCCCCC,FA
605,2,2027-05-03,,1,FFCCCCCC,FB
606,2,2027-05-10,,1,FFCCCCCC,FC
607,2,2027-05-17,,1,FFCCCCCC,FD
608,2,2027-05-24,,1,FFCCCCCC,FE
609,2,2027-05-31,,1,FFCCCCCC,FF
610,2,2027-06-07,,1,FFCCCCCC,FG
611,2,2027-06-14,,1,FFCCCCCC,FH
612,2,2027-06-21,,1,FFCCCCCC,FI
613,2,2027-06-28,,1,FFCCCCCC,FJ
614,2,2027-07-05,,1,FFCCCCCC,FK
615,2,2027-07-12,,1,FFCCCCCC,FL
616,2,2027-07-19,,1,FFCCCCCC,FM
617,2,2027-07-26,,1,FFCCCCCC,FN
618,2,2027-08-02,,1,FFCCCCCC,FO
619,2,2027-08-09,,1,FFCCCCCC,FP
620,2,2027-08-16,,1,FFCCCCCC,FQ
621,2,2027-08-23,,1,FFCCCCCC,FR
622,2,2027-08-30,,1,FFCCCCCC,FS
623,2,2027-09-06,,1,FFCCCCCC,FT
624,2,2027-09-13,,1,FFCCCCCC,FU
625,2,2027-09-20,,1,FFCCCCCC,FV
626,2,2027-09-27,,1,FFCCCCCC,FW
627,2,2027-10-04,,1,FFCCCCCC,FX
628,2,2027-10-11,,1,FFCCCCCC,FY
629,2,2027-10-18,,1,FFCCCCCC,FZ
630,2,2027-10-25,,1,FFCCCCCC,GA
631,2,2027-11-01,,1,FFCCCCCC,GB
632,2,2027-11-08,,1,FFCCCCCC,GC
633,2,2027-11-15,,1,FFCCCCCC,GD
634,2,2027-11-22,,1,FFCCCCCC,GE
635,2,2027-11-29,,1,FFCCCCCC,GF
636,2,2027-12-06,,1,FFCCCCCC,GG
637,2,2027-12-13,,1,FFCCCCCC,GH
638,2,2027-12-20,,1,FFCCCCCC,GI
639,2,2027-12-27,,1,FFCCCCCC,GJ
640,2,2028-01-17,,1,FFCCCCCC,GM
641,2,2028-01-24,,1,FFCCCCCC,GN
642,2.1.1,2024-10-06,14500.0,0,,U
643,2.1.1,2026-04-06,14500.0,1,FFB85B22,CS
644,2.1.1,2026-04-13,,1,FFB85B22,CT
645,2.1.1,2026-04-20,,1,FFB85B22,CU
646,2.1.1,2026-04-27,,1,FFB85B22,CV
647,2.1.1,2026-05-04,,1,FFB85B22,CW
648,2.1.1,2026-05-11,,1,FFB85B22,CY
649,2.1.1,2026-05-18,,1,FFB85B22,CZ
650,2.1.1,2026-05-25,,1,FFB85B22,DA
651,2.1.1,2026-06-01,,1,FFB85B22,DC
652,2.1.1,2026-06-08,,1,FFB85B22,DD
653,2.1.1,2026-06-15,,1,FFB85B22,DE
654,2.1.1,2026-06-22,,1,FFB85B22,DF
655,2.1.1,2026-06-29,,1,FFB85B22,DG
656,2.1.1,2026-07-06,,1,FFB85B22,DH
657,2.1.1,2026-07-13,,1,FFB85B22,DI
658,2.1.1,2026-07-20,,1,FFB85B22,DJ
659,2.1.1,2026-07-27,,1,FFB85B22,DK
660,2.1.1,2026-08-03,,1,FFB85B22,DM
661,2.1.1,2026-08-10,,1,FFB85B22,DN
662,2.1.1,2026-08-17,,1,FFB85B22,DO
663,2.1.1,2026-08-24,,1,FFB85B22,DP
664,2.1.2,2026-04-06,,1,FFB85B22,CS
665,2.1.2,2026-04-13,,1,FFB85B22,CT
666,2.1.2,2026-04-20,,1,FFB85B22,CU
667,2.1.2,2026-04-27,,1,FFB85B22,CV
668,2.1.2,2026-05-04,,1,FFB85B22,CW
669,2.1.2,2026-05-11,,1,FFB85B22,CY
670,2.1.2,2026-05-18,,1,FFB85B22,CZ
671,2.1.2,2026-05-25,,1,FFB85B22,DA
672,2.1.2,2026-06-01,,1,FFB85B22,DC
673,2.1.2,2026-06-08,,1,FFB85B22,DD
674,2.1.2,2026-06-15,,1,FFB85B22,DE
675,2.1.2,2026-06-22,,1,FFB85B22,DF
676,2.1.2,2026-06-29,,1,FFB85B22,DG
677,2.1.2,2026-07-06,,1,FFB85B22,DH
678,2.1.2,2026-07-13,,1,FFB85B22,DI
679,2.1.2,2026-07-20,,1,FFB85B22,DJ
680,2.1.2,2026-07-27,,1,FFB85B22,DK
681,2.1.2,2026-08-03,,1,FFB85B22,DM
682,2.1.2,2026-08-10,,1,FFB85B22,DN
683,2.1.2,2026-08-17,,1,FFB85B22,DO
684,2.1.2,2026-08-24,,1,FFB85B22,DP
685,2.1.3,2024-12-08,48500.0,0,,AD
686,2.1.3,2026-04-06,,1,FFB85B22,CS
687,2.1.3,2026-04-13,,1,FFB85B22,CT
688,2.1.3,2026-04-20,,1,FFB85B22,CU
689,2.1.3,2026-04-27,,1,FFB85B22,CV
690,2.1.3,2026-05-04,,1,FFB85B22,CW
691,2.1.3,2026-05-11,,1,FFB85B22,CY
692,2.1.3,2026-05-18,,1,FFB85B22,CZ
693,2.1.3,2026-05-25,,1,FFB85B22,DA
694,2.1.3,2026-06-01,41000.0,1,FFB85B22,DC
695,2.1.3,2026-06-08,,1,FFB85B22,DD
696,2.1.3,2026-06-15,,1,FFB85B22,DE
697,2.1.3,2026-06-22,,1,FFB85B22,DF
698,2.1.3,2026-06-29,,1,FFB85B22,DG
699,2.1.3,2026-07-06,,1,FFB85B22,DH
700,2.1.3,2026-07-13,,1,FFB85B22,DI
701,2.1.3,2026-07-20,,1,FFB85B22,DJ
702,2.1.3,2026-07-27,,1,FFB85B22,DK
703,2.1.3,2026-08-03,,1,FFB85B22,DM
704,2.1.3,2026-08-10,,1,FFB85B22,DN
705,2.1.3,2026-08-17,,1,FFB85B22,DO
706,2.1.3,2026-08-24,,1,FFB85B22,DP
707,2.1.4,2026-04-06,,1,FFB85B22,CS
708,2.1.4,2026-04-13,,1,FFB85B22,CT
709,2.1.4,2026-04-20,,1,FFB85B22,CU
710,2.1.4,2026-04-27,,1,FFB85B22,CV
711,2.1.4,2026-05-04,,1,FFB85B22,CW
712,2.1.4,2026-05-11,,1,FFB85B22,CY
713,2.1.4,2026-05-18,,1,FFB85B22,CZ
714,2.1.4,2026-05-25,,1,FFB85B22,DA
715,2.1.4,2026-06-01,,1,FFB85B22,DC
716,2.1.4,2026-06-08,,1,FFB85B22,DD
717,2.1.4,2026-06-15,,1,FFB85B22,DE
718,2.1.4,2026-06-22,,1,FFB85B22,DF
719,2.1.4,2026-06-29,,1,FFB85B22,DG
720,2.1.4,2026-07-06,,1,FFB85B22,DH
721,2.1.4,2026-07-13,,1,FFB85B22,DI
722,2.1.4,2026-07-20,,1,FFB85B22,DJ
723,2.1.4,2026-07-27,,1,FFB85B22,DK
724,2.1.4,2026-08-03,5000.0,1,FFB85B22,DM
725,2.1.4,2026-08-10,,1,FFB85B22,DN
726,2.1.4,2026-08-17,,1,FFB85B22,DO
727,2.1.4,2026-08-24,,1,FFB85B22,DP
728,2.2,2026-04-06,,1,FFB85B22,CS
729,2.2,2026-04-13,,1,FFB85B22,CT
730,2.2,2026-04-20,,1,FFB85B22,CU
731,2.2,2026-04-27,,1,FFB85B22,CV
732,2.2,2026-05-04,,1,FFB85B22,CW
733,2.2,2026-05-11,,1,FFB85B22,CY
734,2.2,2026-05-18,,1,FFB85B22,CZ
735,2.2,2026-05-25,,1,FFB85B22,DA
736,2.2,2026-06-01,,1,FFB85B22,DC
737,2.2,2026-06-08,,1,FFB85B22,DD
738,2.2,2026-06-15,,1,FFB85B22,DE
739,2.2,2026-06-22,,1,FFB85B22,DF
740,2.2,2026-06-29,,1,FFB85B22,DG
741,2.2,2026-07-06,,1,FFB85B22,DH
742,2.2,2026-07-13,,1,FFB85B22,DI
743,2.2,2026-07-20,,1,FFB85B22,DJ
744,2.2,2026-07-27,,1,FFB85B22,DK
745,2.2,2026-08-03,,1,FFB85B22,DM
746,2.2,2026-08-10,,1,FFB85B22,DN
747,2.2,2026-08-17,,1,FFB85B22,DO
748,2.2,2026-08-24,,1,FFB85B22,DP
749,2.2,2026-09-07,25000.0,0,FFFFFFFF,DR
750,2.2,2026-09-14,25000.0,0,FFFFFFFF,DS
751,2.2,2026-09-21,25000.0,0,FFFFFFFF,DT
752,2.2,2026-09-28,25000.0,0,FFFFFFFF,DU
753,3,2024-10-06,,1,FFCCCCCC,U
754,3,2024-10-13,,1,FFCCCCCC,V
755,3,2024-10-20,,1,FFCCCCCC,W
756,3,2024-10-27,,1,FFCCCCCC,X
757,3,2024-11-03,,1,FFCCCCCC,Y
758,3,2024-11-10,,1,FFCCCCCC,Z
759,3,2024-11-17,,1,FFCCCCCC,AA
760,3,2024-11-24,,1,FFCCCCCC,AB
761,3,2024-12-01,,1,FFCCCCCC,AC
762,3,2024-12-08,,1,FFCCCCCC,AD
763,3,2024-12-15,,1,FFCCCCCC,AE
764,3,2024-12-22,,1,FFCCCCCC,AF
765,3,2025-12-22,,1,FFCCCCCC,AG
766,3,2025-01-05,,1,FFCCCCCC,AH
767,3,2025-01-12,,1,FFCCCCCC,AI
768,3,2025-01-19,,1,FFCCCCCC,AJ
769,3,2025-01-26,,1,FFCCCCCC,AK
770,3,2025-02-02,,1,FFCCCCCC,AL
771,3,2025-02-09,,1,FFCCCCCC,AM
772,3,2025-02-16,,1,FFCCCCCC,AN
773,3,2025-02-23,,1,FFCCCCCC,AO
774,3,2025-03-02,,1,FFCCCCCC,AP
775,3,2025-03-09,,1,FFCCCCCC,AQ
776,3,2025-03-16,,1,FFCCCCCC,AR
777,3,2025-03-23,,1,FFCCCCCC,AS
778,3,2025-04-06,,1,FFCCCCCC,AT
779,3,2025-04-13,,1,FFCCCCCC,AU
780,3,2025-04-20,,1,FFCCCCCC,AV
781,3,2025-04-27,,1,FFCCCCCC,AW
782,3,2025-05-04,,1,FFCCCCCC,AX
783,3,2025-05-11,,1,FFCCCCCC,AY
784,3,2025-05-18,,1,FFCCCCCC,AZ
785,3,2025-05-25,,1,FFCCCCCC,BA
786,3,2025-06-01,,1,FFCCCCCC,BB
787,3,2025-06-08,,1,FFCCCCCC,BC
788,3,2025-06-15,,1,FFCCCCCC,BD
789,3,2025-06-22,,1,FFCCCCCC,BE
790,3,2025-07-06,,1,FFCCCCCC,BF
791,3,2025-07-13,,1,FFCCCCCC,BG
792,3,2025-07-20,,1,FFCCCCCC,BH
793,3,2025-07-27,,1,FFCCCCCC,BI
794,3,2025-08-03,,1,FFCCCCCC,BJ
795,3,2025-08-10,,1,FFCCCCCC,BK
796,3,2025-08-17,,1,FFCCCCCC,BL
797,3,2025-08-24,,1,FFCCCCCC,BM
798,3,2025-09-07,,1,FFCCCCCC,BN
799,3,2025-09-14,,1,FFCCCCCC,BO
800,3,2025-09-21,,1,FFCCCCCC,BP
801,3,2025-09-28,,1,FFCCCCCC,BQ
802,3,2025-10-05,,1,FFCCCCCC,BR
803,3,2025-10-12,,1,FFCCCCCC,BS
804,3,2025-10-19,,1,FFCCCCCC,BT
805,3,2025-10-26,,1,FFCCCCCC,BU
806,3,2025-11-02,,1,FFCCCCCC,BV
807,3,2025-11-09,,1,FFCCCCCC,BW
808,3,2025-11-16,,1,FFCCCCCC,BX
809,3,2025-11-23,,1,FFCCCCCC,BY
810,3,2025-12-07,,1,FFCCCCCC,BZ
811,3,2025-12-14,,1,FFCCCCCC,CA
812,3,2025-12-21,,1,FFCCCCCC,CB
813,3,2025-12-28,,1,FFCCCCCC,CC
814,3,2026-01-05,,1,FFCCCCCC,CD
815,3,2026-01-12,,1,FFCCCCCC,CE
816,3,2026-01-19,,1,FFCCCCCC,CF
817,3,2026-01-26,,1,FFCCCCCC,CG
818,3,2026-02-02,,1,FFCCCCCC,CI
819,3,2026-02-09,,1,FFCCCCCC,CJ
820,3,2026-02-16,,1,FFCCCCCC,CK
821,3,2026-02-23,,1,FFCCCCCC,CL
822,3,2026-03-02,,1,FFCCCCCC,CN
823,3,2026-03-09,,1,FFCCCCCC,CO
824,3,2026-03-16,,1,FFCCCCCC,CP
825,3,2026-03-23,,1,FFCCCCCC,CQ
826,3,2026-03-30,,1,FFCCCCCC,CR
827,3,2026-04-06,,1,FFCCCCCC,CS
828,3,2026-04-13,,1,FFCCCCCC,CT
829,3,2026-04-20,,1,FFCCCCCC,CU
830,3,2026-04-27,,1,FFCCCCCC,CV
831,3,2026-05-04,,1,FFCCCCCC,CW
832,3,2026-05-11,,1,FFCCCCCC,CY
833,3,2026-05-18,,1,FFCCCCCC,CZ
834,3,2026-05-25,,1,FFCCCCCC,DA
835,3,2026-06-01,,1,FFCCCCCC,DC
836,3,2026-06-08,,1,FFCCCCCC,DD
837,3,2026-06-15,,1,FFCCCCCC,DE
838,3,2026-06-22,,1,FFCCCCCC,DF
839,3,2026-06-29,,1,FFCCCCCC,DG
840,3,2026-07-06,,1,FFCCCCCC,DH
841,3,2026-07-13,,1,FFCCCCCC,DI
842,3,2026-07-20,,1,FFCCCCCC,DJ
843,3,2026-07-27,,1,FFCCCCCC,DK
844,3,2026-08-03,,1,FFCCCCCC,DM
845,3,2026-08-10,,1,FFCCCCCC,DN
846,3,2026-08-17,,1,FFCCCCCC,DO
847,3,2026-08-24,,1,FFCCCCCC,DP
848,3,2026-08-31,,1,FFCCCCCC,DQ
849,3,2026-09-07,,1,FFCCCCCC,DR
850,3,2026-09-14,,1,FFCCCCCC,DS
851,3,2026-09-21,,1,FFCCCCCC,DT
852,3,2026-09-28,,1,FFCCCCCC,DU
853,3,2026-10-05,,1,FFCCCCCC,DW
854,3,2026-10-12,,1,FFCCCCCC,DX
855,3,2026-10-19,,1,FFCCCCCC,DY
856,3,2026-10-26,,1,FFCCCCCC,DZ
857,3,2026-11-02,,1,FFCCCCCC,EB
858,3,2026-11-09,,1,FFCCCCCC,EC
859,3,2026-11-16,,1,FFCCCCCC,ED
860,3,2026-11-23,,1,FFCCCCCC,EE
861,3,2026-11-30,,1,FFCCCCCC,EF
862,3,2026-12-07,,1,FFCCCCCC,EG
863,3,2026-12-14,,1,FFCCCCCC,EH
864,3,2026-12-21,,1,FFCCCCCC,EI
865,3,2026-12-28,,1,FFCCCCCC,EJ
866,3,2027-01-04,,1,FFCCCCCC,EK
867,3,2027-01-11,,1,FFCCCCCC,EL
868,3,2027-01-18,,1,FFCCCCCC,EM
869,3,2027-01-25,,1,FFCCCCCC,EN
870,3,2027-02-01,,1,FFCCCCCC,EO
871,3,2027-02-08,,1,FFCCCCCC,EP
872,3,2027-02-15,,1,FFCCCCCC,EQ
873,3,2027-02-22,,1,FFCCCCCC,ER
874,3,2027-03-01,,1,FFCCCCCC,ES
875,3,2027-03-08,,1,FFCCCCCC,ET
876,3,2027-03-15,,1,FFCCCCCC,EU
877,3,2027-03-22,,1,FFCCCCCC,EV
878,3,2027-03-29,,1,FFCCCCCC,EW
879,3,2027-04-05,,1,FFCCCCCC,EX
880,3,2027-04-12,,1,FFCCCCCC,EY
881,3,2027-04-19,,1,FFCCCCCC,EZ
882,3,2027-04-26,,1,FFCCCCCC,FA
883,3,2027-05-03,,1,FFCCCCCC,FB
884,3,2027-05-10,,1,FFCCCCCC,FC
885,3,2027-05-17,,1,FFCCCCCC,FD
886,3,2027-05-24,,1,FFCCCCCC,FE
887,3,2027-05-31,,1,FFCCCCCC,FF
888,3,2027-06-07,,1,FFFFF5B4,FG
889,3,2027-06-14,,1,FFCCCCCC,FH
890,3,2027-06-21,,1,FFCCCCCC,FI
891,3,2027-06-28,,1,FFCCCCCC,FJ
892,3,2027-07-05,,1,FFCCCCCC,FK
893,3,2027-07-12,,1,FFCCCCCC,FL
894,3,2027-07-19,,1,FFCCCCCC,FM
895,3,2027-07-26,,1,FFCCCCCC,FN
896,3,2027-08-02,,1,FFCCCCCC,FO
897,3,2027-08-09,,1,FFCCCCCC,FP
898,3,2027-08-16,,1,FFCCCCCC,FQ
899,3,2027-08-23,,1,FFCCCCCC,FR
900,3,2027-08-30,,1,FFCCCCCC,FS
901,3,2027-09-06,,1,FFCCCCCC,FT
902,3,2027-09-13,,1,FFCCCCCC,FU
903,3,2027-09-20,,1,FFCCCCCC,FV
904,3,2027-09-27,,1,FFCCCCCC,FW
905,3,2027-10-04,,1,FFCCCCCC,FX
906,3,2027-10-11,,1,FFCCCCCC,FY
907,3,2027-10-18,,1,FFCCCCCC,FZ
908,3,2027-10-25,,1,FFCCCCCC,GA
909,3,2027-11-01,,1,FFCCCCCC,GB
910,3,2027-11-08,,1,FFCCCCCC,GC
911,3,2027-11-15,,1,FFCCCCCC,GD
912,3,2027-11-22,,1,FFCCCCCC,GE
913,3,2027-11-29,,1,FFCCCCCC,GF
914,3,2027-12-06,,1,FFCCCCCC,GG
915,3,2027-12-13,,1,FFCCCCCC,GH
916,3,2027-12-20,,1,FFCCCCCC,GI
917,3,2027-12-27,,1,FFCCCCCC,GJ
918,3,2028-01-17,,1,FFCCCCCC,GM
919,3,2028-01-24,,1,FFCCCCCC,GN
920,3.1,2025-01-05,7288.499999999999,0,,AH
921,3.1,2025-04-06,5830.799999999999,0,,AT
922,3.1,2025-07-27,1457.6999999999998,0,,BI
923,3.1,2026-07-06,35759.86,0,,DH
924,3.2,2025-01-19,4000.0,0,,AJ
925,3.2,2025-03-09,4000.0,0,,AQ
926,3.3,2025-01-05,4181.0,0,,AH
927,3.3,2025-03-23,4181.0,0,,AS
928,3.3,2026-12-07,8362.0,0,,EG
929,3.4,2025-01-05,6497.499999999999,0,,AH
930,3.4,2025-02-23,6497.499999999999,0,,AO
931,3.4,2026-05-04,6497.5,0,,CW
932,3.4,2026-06-01,6497.5,0,,DC
933,3.5.1,2026-05-04,20120.0,0,,CW
934,3.5.1,2026-05-11,0.4,0,,CY
935,3.5.1,2026-05-18,46827.2,0,,CZ
936,3.9,2026-11-09,1457.6999999999998,0,,EC
937,3.101,2026-11-30,25000.0,0,,EF
938,3.101,2026-12-07,25000.0,0,,EG
939,4,2024-10-06,,1,FFCCCCCC,U
940,4,2024-10-13,,1,FFCCCCCC,V
941,4,2024-10-20,,1,FFCCCCCC,W
942,4,2024-10-27,,1,FFCCCCCC,X
943,4,2024-11-03,,1,FFCCCCCC,Y
944,4,2024-11-10,,1,FFCCCCCC,Z
945,4,2024-11-17,,1,FFCCCCCC,AA
946,4,2024-11-24,,1,FFCCCCCC,AB
947,4,2024-12-01,,1,FFCCCCCC,AC
948,4,2024-12-08,,1,FFCCCCCC,AD
949,4,2024-12-15,,1,FFCCCCCC,AE
950,4,2024-12-22,,1,FFCCCCCC,AF
951,4,2025-12-22,,1,FFCCCCCC,AG
952,4,2025-01-05,,1,FFCCCCCC,AH
953,4,2025-01-12,,1,FFCCCCCC,AI
954,4,2025-01-19,,1,FFCCCCCC,AJ
955,4,2025-01-26,,1,FFCCCCCC,AK
956,4,2025-02-02,,1,FFCCCCCC,AL
957,4,2025-02-09,,1,FFCCCCCC,AM
958,4,2025-02-16,,1,FFCCCCCC,AN
959,4,2025-02-23,,1,FFCCCCCC,AO
960,4,2025-03-02,,1,FFCCCCCC,AP
961,4,2025-03-09,,1,FFCCCCCC,AQ
962,4,2025-03-16,,1,FFCCCCCC,AR
963,4,2025-03-23,,1,FFCCCCCC,AS
964,4,2025-04-06,,1,FFCCCCCC,AT
965,4,2025-04-13,,1,FFCCCCCC,AU
966,4,2025-04-20,,1,FFCCCCCC,AV
967,4,2025-04-27,,1,FFCCCCCC,AW
968,4,2025-05-04,,1,FFCCCCCC,AX
969,4,2025-05-11,,1,FFCCCCCC,AY
970,4,2025-05-18,,1,FFCCCCCC,AZ
971,4,2025-05-25,,1,FFCCCCCC,BA
972,4,2025-06-01,,1,FFCCCCCC,BB
973,4,2025-06-08,,1,FFCCCCCC,BC
974,4,2025-06-15,,1,FFCCCCCC,BD
975,4,2025-06-22,,1,FFCCCCCC,BE
976,4,2025-07-06,,1,FFCCCCCC,BF
977,4,2025-07-13,,1,FFCCCCCC,BG
978,4,2025-07-20,,1,FFCCCCCC,BH
979,4,2025-07-27,,1,FFCCCCCC,BI
980,4,2025-08-03,,1,FFCCCCCC,BJ
981,4,2025-08-10,,1,FFCCCCCC,BK
982,4,2025-08-17,,1,FFCCCCCC,BL
983,4,2025-08-24,,1,FFCCCCCC,BM
984,4,2025-09-07,,1,FFCCCCCC,BN
985,4,2025-09-14,,1,FFCCCCCC,BO
986,4,2025-09-21,,1,FFCCCCCC,BP
987,4,2025-09-28,,1,FFCCCCCC,BQ
988,4,2025-10-05,,1,FFCCCCCC,BR
989,4,2025-10-12,,1,FFCCCCCC,BS
990,4,2025-10-19,,1,FFCCCCCC,BT
991,4,2025-10-26,,1,FFCCCCCC,BU
992,4,2025-11-02,,1,FFCCCCCC,BV
993,4,2025-11-09,,1,FFCCCCCC,BW
994,4,2025-11-16,,1,FFCCCCCC,BX
995,4,2025-11-23,,1,FFCCCCCC,BY
996,4,2025-12-07,,1,FFCCCCCC,BZ
997,4,2025-12-14,,1,FFCCCCCC,CA
998,4,2025-12-21,,1,FFCCCCCC,CB
999,4,2025-12-28,,1,FFCCCCCC,CC
1000,4,2026-01-05,,1,FFCCCCCC,CD
1001,4,2026-01-12,,1,FFCCCCCC,CE
1002,4,2026-01-19,,1,FFCCCCCC,CF
1003,4,2026-01-26,,1,FFCCCCCC,CG
1004,4,2026-02-02,,1,FFCCCCCC,CI
1005,4,2026-02-09,,1,FFCCCCCC,CJ
1006,4,2026-02-16,,1,FFCCCCCC,CK
1007,4,2026-02-23,,1,FFCCCCCC,CL
1008,4,2026-03-02,,1,FFCCCCCC,CN
1009,4,2026-03-09,,1,FFCCCCCC,CO
1010,4,2026-03-16,,1,FFCCCCCC,CP
1011,4,2026-03-23,,1,FFCCCCCC,CQ
1012,4,2026-03-30,,1,FFCCCCCC,CR
1013,4,2026-04-06,,1,FFCCCCCC,CS
1014,4,2026-04-13,,1,FFCCCCCC,CT
1015,4,2026-04-20,,1,FFCCCCCC,CU
1016,4,2026-04-27,,1,FFCCCCCC,CV
1017,4,2026-05-04,,1,FFCCCCCC,CW
1018,4,2026-05-11,,1,FFCCCCCC,CY
1019,4,2026-05-18,,1,FFCCCCCC,CZ
1020,4,2026-05-25,,1,FFCCCCCC,DA
1021,4,2026-06-01,,1,FFCCCCCC,DC
1022,4,2026-06-08,,1,FFCCCCCC,DD
1023,4,2026-06-15,,1,FFCCCCCC,DE
1024,4,2026-06-22,,1,FFCCCCCC,DF
1025,4,2026-06-29,,1,FFCCCCCC,DG
1026,4,2026-07-06,,1,FFCCCCCC,DH
1027,4,2026-07-13,,1,FFCCCCCC,DI
1028,4,2026-07-20,,1,FFCCCCCC,DJ
1029,4,2026-07-27,,1,FFCCCCCC,DK
1030,4,2026-08-03,,1,FFCCCCCC,DM
1031,4,2026-08-10,,1,FFCCCCCC,DN
1032,4,2026-08-17,,1,FFCCCCCC,DO
1033,4,2026-08-24,,1,FFCCCCCC,DP
1034,4,2026-08-31,,1,FFCCCCCC,DQ
1035,4,2026-09-07,,1,FFCCCCCC,DR
1036,4,2026-09-14,,1,FFCCCCCC,DS
1037,4,2026-09-21,,1,FFCCCCCC,DT
1038,4,2026-09-28,,1,FFCCCCCC,DU
1039,4,2026-10-05,,1,FFCCCCCC,DW
1040,4,2026-10-12,,1,FFCCCCCC,DX
1041,4,2026-10-19,,1,FFCCCCCC,DY
1042,4,2026-10-26,,1,FFCCCCCC,DZ
1043,4,2026-11-02,,1,FFCCCCCC,EB
1044,4,2026-11-09,,1,FFCCCCCC,EC
1045,4,2026-11-16,,1,FFCCCCCC,ED
1046,4,2026-11-23,,1,FFCCCCCC,EE
1047,4,2026-11-30,,1,FFCCCCCC,EF
1048,4,2026-12-07,,1,FFCCCCCC,EG
1049,4,2026-12-14,,1,FFCCCCCC,EH
1050,4,2026-12-21,,1,FFCCCCCC,EI
1051,4,2026-12-28,,1,FFCCCCCC,EJ
1052,4,2027-01-04,,1,FFCCCCCC,EK
1053,4,2027-01-11,,1,FFCCCCCC,EL
1054,4,2027-01-18,,1,FFCCCCCC,EM
1055,4,2027-01-25,,1,FFCCCCCC,EN
1056,4,2027-02-01,,1,FFCCCCCC,EO
1057,4,2027-02-08,,1,FFCCCCCC,EP
1058,4,2027-02-15,,1,FFCCCCCC,EQ
1059,4,2027-02-22,,1,FFCCCCCC,ER
1060,4,2027-03-01,,1,FFCCCCCC,ES
1061,4,2027-03-08,,1,FFCCCCCC,ET
1062,4,2027-03-15,,1,FFCCCCCC,EU
1063,4,2027-03-22,,1,FFCCCCCC,EV
1064,4,2027-03-29,,1,FFCCCCCC,EW
1065,4,2027-04-05,,1,FFCCCCCC,EX
1066,4,2027-04-12,,1,FFCCCCCC,EY
1067,4,2027-04-19,,1,FFCCCCCC,EZ
1068,4,2027-04-26,,1,FFCCCCCC,FA
1069,4,2027-05-03,,1,FFCCCCCC,FB
1070,4,2027-05-10,,1,FFCCCCCC,FC
1071,4,2027-05-17,,1,FFCCCCCC,FD
1072,4,2027-05-24,,1,FFCCCCCC,FE
1073,4,2027-05-31,,1,FFCCCCCC,FF
1074,4,2027-06-07,,1,FFCCCCCC,FG
1075,4,2027-06-14,,1,FFCCCCCC,FH
1076,4,2027-06-21,,1,FFCCCCCC,FI
1077,4,2027-06-28,,1,FFCCCCCC,FJ
1078,4,2027-07-05,,1,FFCCCCCC,FK
1079,4,2027-07-12,,1,FFCCCCCC,FL
1080,4,2027-07-19,,1,FFCCCCCC,FM
1081,4,2027-07-26,,1,FFCCCCCC,FN
1082,4,2027-08-02,,1,FFCCCCCC,FO
1083,4,2027-08-09,,1,FFCCCCCC,FP
1084,4,2027-08-16,,1,FFCCCCCC,FQ
1085,4,2027-08-23,,1,FFCCCCCC,FR
1086,4,2027-08-30,,1,FFCCCCCC,FS
1087,4,2027-09-06,,1,FFCCCCCC,FT
1088,4,2027-09-13,,1,FFCCCCCC,FU
1089,4,2027-09-20,,1,FFCCCCCC,FV
1090,4,2027-09-27,,1,FFCCCCCC,FW
1091,4,2027-10-04,,1,FFCCCCCC,FX
1092,4,2027-10-11,,1,FFCCCCCC,FY
1093,4,2027-10-18,,1,FFCCCCCC,FZ
1094,4,2027-10-25,,1,FFCCCCCC,GA
1095,4,2027-11-01,,1,FFCCCCCC,GB
1096,4,2027-11-08,,1,FFCCCCCC,GC
1097,4,2027-11-15,,1,FFCCCCCC,GD
1098,4,2027-11-22,,1,FFCCCCCC,GE
1099,4,2027-11-29,,1,FFCCCCCC,GF
1100,4,2027-12-06,,1,FFCCCCCC,GG
1101,4,2027-12-13,,1,FFCCCCCC,GH
1102,4,2027-12-20,,1,FFCCCCCC,GI
1103,4,2027-12-27,,1,FFCCCCCC,GJ
1104,4,2028-01-17,,1,FFCCCCCC,GM
1105,4,2028-01-24,,1,FFCCCCCC,GN
1106,4.2.1,2025-07-06,25000.0,0,,BF
1107,4.2.2,2026-05-25,25000.0,0,,DA
1108,4.2.2,2026-06-22,25000.0,0,,DF
1109,4.4,2025-01-12,4300.0,0,,AI
1110,4.4,2025-04-06,47911.99999999999,0,,AT
1111,4.4,2025-05-04,10734.999999999998,0,,AX
1112,4.4,2025-09-07,63279.99999999999,0,,BN
1113,5,2024-10-06,,1,FFCCCCCC,U
1114,5,2024-10-13,,1,FFCCCCCC,V
1115,5,2024-10-20,,1,FFCCCCCC,W
1116,5,2024-10-27,,1,FFCCCCCC,X
1117,5,2024-11-03,,1,FFCCCCCC,Y
1118,5,2024-11-10,,1,FFCCCCCC,Z
1119,5,2024-11-17,,1,FFCCCCCC,AA
1120,5,2024-11-24,,1,FFCCCCCC,AB
1121,5,2024-12-01,,1,FFCCCCCC,AC
1122,5,2024-12-08,,1,FFCCCCCC,AD
1123,5,2024-12-15,,1,FFCCCCCC,AE
1124,5,2024-12-22,,1,FFCCCCCC,AF
1125,5,2025-12-22,,1,FFCCCCCC,AG
1126,5,2025-01-05,,1,FFCCCCCC,AH
1127,5,2025-01-12,,1,FFCCCCCC,AI
1128,5,2025-01-19,,1,FFCCCCCC,AJ
1129,5,2025-01-26,,1,FFCCCCCC,AK
1130,5,2025-02-02,,1,FFCCCCCC,AL
1131,5,2025-02-09,,1,FFCCCCCC,AM
1132,5,2025-02-16,,1,FFCCCCCC,AN
1133,5,2025-02-23,,1,FFCCCCCC,AO
1134,5,2025-03-02,,1,FFCCCCCC,AP
1135,5,2025-03-09,,1,FFCCCCCC,AQ
1136,5,2025-03-16,,1,FFCCCCCC,AR
1137,5,2025-03-23,,1,FFCCCCCC,AS
1138,5,2025-04-06,,1,FFCCCCCC,AT
1139,5,2025-04-13,,1,FFCCCCCC,AU
1140,5,2025-04-20,,1,FFCCCCCC,AV
1141,5,2025-04-27,,1,FFCCCCCC,AW
1142,5,2025-05-04,,1,FFCCCCCC,AX
1143,5,2025-05-11,,1,FFCCCCCC,AY
1144,5,2025-05-18,,1,FFCCCCCC,AZ
1145,5,2025-05-25,,1,FFCCCCCC,BA
1146,5,2025-06-01,,1,FFCCCCCC,BB
1147,5,2025-06-08,,1,FFCCCCCC,BC
1148,5,2025-06-15,,1,FFCCCCCC,BD
1149,5,2025-06-22,,1,FFCCCCCC,BE
1150,5,2025-07-06,,1,FFCCCCCC,BF
1151,5,2025-07-13,,1,FFCCCCCC,BG
1152,5,2025-07-20,,1,FFCCCCCC,BH
1153,5,2025-07-27,,1,FFCCCCCC,BI
1154,5,2025-08-03,,1,FFCCCCCC,BJ
1155,5,2025-08-10,,1,FFCCCCCC,BK
1156,5,2025-08-17,,1,FFCCCCCC,BL
1157,5,2025-08-24,,1,FFCCCCCC,BM
1158,5,2025-09-07,,1,FFCCCCCC,BN
1159,5,2025-09-14,,1,FFCCCCCC,BO
1160,5,2025-09-21,,1,FFCCCCCC,BP
1161,5,2025-09-28,,1,FFCCCCCC,BQ
1162,5,2025-10-05,,1,FFCCCCCC,BR
1163,5,2025-10-12,,1,FFCCCCCC,BS
1164,5,2025-10-19,,1,FFCCCCCC,BT
1165,5,2025-10-26,,1,FFCCCCCC,BU
1166,5,2025-11-02,,1,FFCCCCCC,BV
1167,5,2025-11-09,,1,FFCCCCCC,BW
1168,5,2025-11-16,,1,FFCCCCCC,BX
1169,5,2025-11-23,,1,FFCCCCCC,BY
1170,5,2025-12-07,,1,FFCCCCCC,BZ
1171,5,2025-12-14,,1,FFCCCCCC,CA
1172,5,2025-12-21,,1,FFCCCCCC,CB
1173,5,2025-12-28,,1,FFCCCCCC,CC
1174,5,2026-01-05,,1,FFCCCCCC,CD
1175,5,2026-01-12,,1,FFCCCCCC,CE
1176,5,2026-01-19,,1,FFCCCCCC,CF
1177,5,2026-01-26,,1,FFCCCCCC,CG
1178,5,2026-02-02,,1,FFCCCCCC,CI
1179,5,2026-02-09,,1,FFCCCCCC,CJ
1180,5,2026-02-16,,1,FFCCCCCC,CK
1181,5,2026-02-23,,1,FFCCCCCC,CL
1182,5,2026-03-02,,1,FFCCCCCC,CN
1183,5,2026-03-09,,1,FFCCCCCC,CO
1184,5,2026-03-16,,1,FFCCCCCC,CP
1185,5,2026-03-23,,1,FFCCCCCC,CQ
1186,5,2026-03-30,,1,FFCCCCCC,CR
1187,5,2026-04-06,,1,FFCCCCCC,CS
1188,5,2026-04-13,,1,FFCCCCCC,CT
1189,5,2026-04-20,,1,FFCCCCCC,CU
1190,5,2026-04-27,,1,FFCCCCCC,CV
1191,5,2026-05-04,,1,FFCCCCCC,CW
1192,5,2026-05-11,,1,FFCCCCCC,CY
1193,5,2026-05-18,,1,FFCCCCCC,CZ
1194,5,2026-05-25,,1,FFCCCCCC,DA
1195,5,2026-06-01,,1,FFCCCCCC,DC
1196,5,2026-06-08,,1,FFCCCCCC,DD
1197,5,2026-06-15,,1,FFCCCCCC,DE
1198,5,2026-06-22,,1,FFCCCCCC,DF
1199,5,2026-06-29,,1,FFCCCCCC,DG
1200,5,2026-07-06,,1,FFCCCCCC,DH
1201,5,2026-07-13,,1,FFCCCCCC,DI
1202,5,2026-07-20,,1,FFCCCCCC,DJ
1203,5,2026-07-27,,1,FFCCCCCC,DK
1204,5,2026-08-03,,1,FFCCCCCC,DM
1205,5,2026-08-10,,1,FFCCCCCC,DN
1206,5,2026-08-17,,1,FFCCCCCC,DO
1207,5,2026-08-24,,1,FFCCCCCC,DP
1208,5,2026-08-31,,1,FFCCCCCC,DQ
1209,5,2026-09-07,,1,FFCCCCCC,DR
1210,5,2026-09-14,,1,FFCCCCCC,DS
1211,5,2026-09-21,,1,FFCCCCCC,DT
1212,5,2026-09-28,,1,FFCCCCCC,DU
1213,5,2026-10-05,,1,FFCCCCCC,DW
1214,5,2026-10-12,,1,FFCCCCCC,DX
1215,5,2026-10-19,,1,FFCCCCCC,DY
1216,5,2026-10-26,,1,FFCCCCCC,DZ
1217,5,2026-11-02,,1,FFCCCCCC,EB
1218,5,2026-11-09,,1,FFCCCCCC,EC
1219,5,2026-11-16,,1,FFCCCCCC,ED
1220,5,2026-11-23,,1,FFCCCCCC,EE
1221,5,2026-11-30,,1,FFCCCCCC,EF
1222,5,2026-12-07,,1,FFCCCCCC,EG
1223,5,2026-12-14,,1,FFCCCCCC,EH
1224,5,2026-12-21,,1,FFCCCCCC,EI
1225,5,2026-12-28,,1,FFCCCCCC,EJ
1226,5,2027-01-04,,1,FFCCCCCC,EK
1227,5,2027-01-11,,1,FFCCCCCC,EL
1228,5,2027-01-18,,1,FFCCCCCC,EM
1229,5,2027-01-25,,1,FFCCCCCC,EN
1230,5,2027-02-01,,1,FFCCCCCC,EO
1231,5,2027-02-08,,1,FFCCCCCC,EP
1232,5,2027-02-15,,1,FFCCCCCC,EQ
1233,5,2027-02-22,,1,FFCCCCCC,ER
1234,5,2027-03-01,,1,FFCCCCCC,ES
1235,5,2027-03-08,,1,FFCCCCCC,ET
1236,5,2027-03-15,,1,FFCCCCCC,EU
1237,5,2027-03-22,,1,FFCCCCCC,EV
1238,5,2027-03-29,,1,FFCCCCCC,EW
1239,5,2027-04-05,,1,FFCCCCCC,EX
1240,5,2027-04-12,,1,FFCCCCCC,EY
1241,5,2027-04-19,,1,FFCCCCCC,EZ
1242,5,2027-04-26,,1,FFCCCCCC,FA
1243,5,2027-05-03,,1,FFCCCCCC,FB
1244,5,2027-05-10,,1,FFCCCCCC,FC
1245,5,2027-05-17,,1,FFCCCCCC,FD
1246,5,2027-05-24,,1,FFCCCCCC,FE
1247,5,2027-05-31,,1,FFCCCCCC,FF
1248,5,2027-06-07,,1,FFCCCCCC,FG
1249,5,2027-06-14,,1,FFCCCCCC,FH
1250,5,2027-06-21,,1,FFCCCCCC,FI
1251,5,2027-06-28,,1,FFCCCCCC,FJ
1252,5,2027-07-05,,1,FFCCCCCC,FK
1253,5,2027-07-12,,1,FFCCCCCC,FL
1254,5,2027-07-19,,1,FFCCCCCC,FM
1255,5,2027-07-26,,1,FFCCCCCC,FN
1256,5,2027-08-02,,1,FFCCCCCC,FO
1257,5,2027-08-09,,1,FFCCCCCC,FP
1258,5,2027-08-16,,1,FFCCCCCC,FQ
1259,5,2027-08-23,,1,FFCCCCCC,FR
1260,5,2027-08-30,,1,FFCCCCCC,FS
1261,5,2027-09-06,,1,FFCCCCCC,FT
1262,5,2027-09-13,,1,FFCCCCCC,FU
1263,5,2027-09-20,,1,FFCCCCCC,FV
1264,5,2027-09-27,,1,FFCCCCCC,FW
1265,5,2027-10-04,,1,FFCCCCCC,FX
1266,5,2027-10-11,,1,FFCCCCCC,FY
1267,5,2027-10-18,,1,FFCCCCCC,FZ
1268,5,2027-10-25,,1,FFCCCCCC,GA
1269,5,2027-11-01,,1,FFCCCCCC,GB
1270,5,2027-11-08,,1,FFCCCCCC,GC
1271,5,2027-11-15,,1,FFCCCCCC,GD
1272,5,2027-11-22,,1,FFCCCCCC,GE
1273,5,2027-11-29,,1,FFCCCCCC,GF
1274,5,2027-12-06,,1,FFCCCCCC,GG
1275,5,2027-12-13,,1,FFCCCCCC,GH
1276,5,2027-12-20,,1,FFCCCCCC,GI
1277,5,2027-12-27,,1,FFCCCCCC,GJ
1278,5,2028-01-17,,1,FFCCCCCC,GM
1279,5,2028-01-24,,1,FFCCCCCC,GN
1280,5.1,2026-01-05,,1,FF38761D,CD
1281,5.1,2026-01-12,,1,FF38761D,CE
1282,5.1,2026-01-19,,1,FF38761D,CF
1283,5.1,2026-01-26,,1,FF38761D,CG
1284,5.1,2026-02-02,,1,FF38761D,CI
1285,5.1,2026-02-09,,1,FF38761D,CJ
1286,5.1,2026-02-16,,1,FF38761D,CK
1287,5.1,2026-02-23,,1,FF38761D,CL
1288,5.1,2026-03-02,,1,FF38761D,CN
1289,5.1,2026-03-09,,1,FF38761D,CO
1290,5.1,2026-03-16,,1,FF38761D,CP
1291,5.1,2026-03-23,,1,FF38761D,CQ
1292,5.1,2026-03-30,,1,FF38761D,CR
1293,5.1,2026-04-06,,1,FF38761D,CS
1294,5.1,2026-04-13,,1,FF38761D,CT
1295,5.1,2026-04-20,,1,FF38761D,CU
1296,5.1,2026-04-27,,1,FF38761D,CV
1297,5.1,2026-05-04,,1,FF38761D,CW
1298,5.1,2026-10-05,5000.0,0,FFFFFFFF,DW
1299,5.2,2025-01-05,4971.999999999999,0,,AH
1300,5.2,2025-04-06,4971.999999999999,0,,AT
1301,5.2,2026-01-05,,1,FF38761D,CD
1302,5.2,2026-01-12,,1,FF38761D,CE
1303,5.2,2026-01-19,,1,FF38761D,CF
1304,5.2,2026-01-26,,1,FF38761D,CG
1305,5.2,2026-02-02,0.0,1,FF38761D,CI
1306,5.2,2026-02-09,,1,FF38761D,CJ
1307,5.2,2026-02-16,,1,FF38761D,CK
1308,5.2,2026-02-23,,1,FF38761D,CL
1309,5.2,2026-03-02,,1,FF38761D,CN
1310,5.2,2026-03-09,,1,FF38761D,CO
1311,5.2,2026-03-16,,1,FF38761D,CP
1312,5.2,2026-03-23,4971.999999999999,1,FF38761D,CQ
1313,5.2,2026-03-30,,1,FF38761D,CR
1314,5.2,2026-04-06,,1,FF38761D,CS
1315,5.2,2026-04-13,,1,FF38761D,CT
1316,5.2,2026-04-20,,1,FF38761D,CU
1317,5.2,2026-04-27,,1,FF38761D,CV
1318,5.2,2026-05-04,,1,FF38761D,CW
1319,5.2,2026-10-05,4972.0,0,FFFFFFFF,DW
1320,5.3,2025-01-19,7938.249999999999,0,,AJ
1321,5.3,2026-01-05,,1,FF38761D,CD
1322,5.3,2026-01-12,,1,FF38761D,CE
1323,5.3,2026-01-19,,1,FF38761D,CF
1324,5.3,2026-01-26,,1,FF38761D,CG
1325,5.3,2026-02-02,,1,FF38761D,CI
1326,5.3,2026-02-09,,1,FF38761D,CJ
1327,5.3,2026-02-16,,1,FF38761D,CK
1328,5.3,2026-02-23,,1,FF38761D,CL
1329,5.3,2026-03-02,,1,FF38761D,CN
1330,5.3,2026-03-09,,1,FF38761D,CO
1331,5.3,2026-03-16,,1,FF38761D,CP
1332,5.3,2026-03-23,,1,FF38761D,CQ
1333,5.3,2026-03-30,,1,FF38761D,CR
1334,5.3,2026-04-06,,1,FF38761D,CS
1335,5.3,2026-04-13,,1,FF38761D,CT
1336,5.3,2026-04-20,,1,FF38761D,CU
1337,5.3,2026-04-27,,1,FF38761D,CV
1338,5.3,2026-05-04,15876.499999999998,1,FF38761D,CW
1339,5.4,2026-01-05,,1,FF38761D,CD
1340,5.4,2026-01-12,,1,FF38761D,CE
1341,5.4,2026-01-19,,1,FF38761D,CF
1342,5.4,2026-01-26,,1,FF38761D,CG
1343,5.4,2026-02-02,,1,FF38761D,CI
1344,5.4,2026-02-09,,1,FF38761D,CJ
1345,5.4,2026-02-16,,1,FF38761D,CK
1346,5.4,2026-02-23,,1,FF38761D,CL
1347,5.4,2026-03-02,,1,FF38761D,CN
1348,5.4,2026-03-09,,1,FF38761D,CO
1349,5.4,2026-03-16,,1,FF38761D,CP
1350,5.4,2026-03-23,,1,FF38761D,CQ
1351,5.4,2026-03-30,,1,FF38761D,CR
1352,5.4,2026-04-06,,1,FF38761D,CS
1353,5.4,2026-04-13,,1,FF38761D,CT
1354,5.4,2026-04-20,,1,FF38761D,CU
1355,5.4,2026-04-27,16950.0,1,FF38761D,CV
1356,5.4,2026-05-04,,1,FF38761D,CW
1357,5.4,2026-06-01,30000.0,0,FFFFFFFF,DC
1358,5.4,2026-07-06,16950.0,0,FFFFFFFF,DH
1359,5.4,2026-07-27,8307.0,0,FFFFFFFF,DK
1360,5.5,2026-01-05,,1,FF38761D,CD
1361,5.5,2026-01-12,,1,FF38761D,CE
1362,5.5,2026-01-19,,1,FF38761D,CF
1363,5.5,2026-01-26,,1,FF38761D,CG
1364,5.5,2026-02-02,,1,FF38761D,CI
1365,5.5,2026-02-09,,1,FF38761D,CJ
1366,5.5,2026-02-16,,1,FF38761D,CK
1367,5.5,2026-02-23,,1,FF38761D,CL
1368,5.5,2026-03-02,,1,FF38761D,CN
1369,5.5,2026-03-09,,1,FF38761D,CO
1370,5.5,2026-03-16,,1,FF38761D,CP
1371,5.5,2026-03-23,,1,FF38761D,CQ
1372,5.5,2026-03-30,,1,FF38761D,CR
1373,5.5,2026-04-06,,1,FF38761D,CS
1374,5.5,2026-04-13,,1,FF38761D,CT
1375,5.5,2026-04-20,,1,FF38761D,CU
1376,5.5,2026-04-27,,1,FF38761D,CV
1377,5.5,2026-05-04,,1,FF38761D,CW
1378,5.5,2026-06-01,15000.0,0,FFFFFFFF,DC
1379,5.5,2026-07-20,15000.0,0,FFFFFFFF,DJ
1380,5.6,2026-01-05,,1,FF38761D,CD
1381,5.6,2026-01-12,,1,FF38761D,CE
1382,5.6,2026-01-19,,1,FF38761D,CF
1383,5.6,2026-01-26,,1,FF38761D,CG
1384,5.6,2026-02-02,0.0,1,FF38761D,CI
1385,5.6,2026-02-09,,1,FF38761D,CJ
1386,5.6,2026-02-16,,1,FF38761D,CK
1387,5.6,2026-02-23,,1,FF38761D,CL
1388,5.6,2026-03-02,,1,FF38761D,CN
1389,5.6,2026-03-09,,1,FF38761D,CO
1390,5.6,2026-03-16,,1,FF38761D,CP
1391,5.6,2026-03-23,,1,FF38761D,CQ
1392,5.6,2026-03-30,,1,FF38761D,CR
1393,5.6,2026-04-06,,1,FF38761D,CS
1394,5.6,2026-04-13,,1,FF38761D,CT
1395,5.6,2026-04-20,,1,FF38761D,CU
1396,5.6,2026-04-27,,1,FF38761D,CV
1397,5.6,2026-05-04,,1,FF38761D,CW
1398,5.6,2026-11-02,100000.0,0,FFFFFFFF,EB
1399,5.7,2026-01-05,,1,FF38761D,CD
1400,5.7,2026-01-12,,1,FF38761D,CE
1401,5.7,2026-01-19,,1,FF38761D,CF
1402,5.7,2026-01-26,,1,FF38761D,CG
1403,5.7,2026-02-02,0.0,1,FF38761D,CI
1404,5.7,2026-02-09,,1,FF38761D,CJ
1405,5.7,2026-02-16,,1,FF38761D,CK
1406,5.7,2026-02-23,,1,FF38761D,CL
1407,5.7,2026-03-02,,1,FF38761D,CN
1408,5.7,2026-03-09,,1,FF38761D,CO
1409,5.7,2026-03-16,,1,FF38761D,CP
1410,5.7,2026-03-23,,1,FF38761D,CQ
1411,5.7,2026-03-30,,1,FF38761D,CR
1412,5.7,2026-04-06,,1,FF38761D,CS
1413,5.7,2026-04-13,,1,FF38761D,CT
1414,5.7,2026-04-20,,1,FF38761D,CU
1415,5.7,2026-04-27,,1,FF38761D,CV
1416,5.7,2026-05-04,,1,FF38761D,CW
1417,5.7,2026-05-25,20000.0,0,FFFFFFFF,DA
1418,5.7,2026-07-27,20000.0,0,FFFFFFFF,DK
1419,5.7,2026-09-28,10000.0,0,FFFFFFFF,DU
1420,5.8,2026-01-05,,1,FF38761D,CD
1421,5.8,2026-01-12,,1,FF38761D,CE
1422,5.8,2026-01-19,,1,FF38761D,CF
1423,5.8,2026-01-26,,1,FF38761D,CG
1424,5.8,2026-02-02,,1,FF38761D,CI
1425,5.8,2026-02-09,,1,FF38761D,CJ
1426,5.8,2026-02-16,,1,FF38761D,CK
1427,5.8,2026-02-23,,1,FF38761D,CL
1428,5.8,2026-03-02,,1,FF38761D,CN
1429,5.8,2026-03-09,,1,FF38761D,CO
1430,5.8,2026-03-16,,1,FF38761D,CP
1431,5.8,2026-03-23,,1,FF38761D,CQ
1432,5.8,2026-03-30,,1,FF38761D,CR
1433,5.8,2026-04-06,,1,FF38761D,CS
1434,5.8,2026-04-13,,1,FF38761D,CT
1435,5.8,2026-04-20,,1,FF38761D,CU
1436,5.8,2026-04-27,,1,FF38761D,CV
1437,5.8,2026-05-04,,1,FF38761D,CW
1438,5.8,2026-06-01,7250.0,0,FFFFFFFF,DC
1439,5.8,2026-10-05,7250.0,0,FFFFFFFF,DW
1440,6,2024-10-06,,1,FFCCCCCC,U
1441,6,2024-10-13,,1,FFCCCCCC,V
1442,6,2024-10-20,,1,FFCCCCCC,W
1443,6,2024-10-27,,1,FFCCCCCC,X
1444,6,2024-11-03,,1,FFCCCCCC,Y
1445,6,2024-11-10,,1,FFCCCCCC,Z
1446,6,2024-11-17,,1,FFCCCCCC,AA
1447,6,2024-11-24,,1,FFCCCCCC,AB
1448,6,2024-12-01,,1,FFCCCCCC,AC
1449,6,2024-12-08,,1,FFCCCCCC,AD
1450,6,2024-12-15,,1,FFCCCCCC,AE
1451,6,2024-12-22,,1,FFCCCCCC,AF
1452,6,2025-12-22,,1,FFCCCCCC,AG
1453,6,2025-01-05,,1,FFCCCCCC,AH
1454,6,2025-01-12,,1,FFCCCCCC,AI
1455,6,2025-01-19,,1,FFCCCCCC,AJ
1456,6,2025-01-26,,1,FFCCCCCC,AK
1457,6,2025-02-02,,1,FFCCCCCC,AL
1458,6,2025-02-09,,1,FFCCCCCC,AM
1459,6,2025-02-16,,1,FFCCCCCC,AN
1460,6,2025-02-23,,1,FFCCCCCC,AO
1461,6,2025-03-02,,1,FFCCCCCC,AP
1462,6,2025-03-09,,1,FFCCCCCC,AQ
1463,6,2025-03-16,,1,FFCCCCCC,AR
1464,6,2025-03-23,,1,FFCCCCCC,AS
1465,6,2025-04-06,,1,FFCCCCCC,AT
1466,6,2025-04-13,,1,FFCCCCCC,AU
1467,6,2025-04-20,,1,FFCCCCCC,AV
1468,6,2025-04-27,,1,FFCCCCCC,AW
1469,6,2025-05-04,,1,FFCCCCCC,AX
1470,6,2025-05-11,,1,FFCCCCCC,AY
1471,6,2025-05-18,,1,FFCCCCCC,AZ
1472,6,2025-05-25,,1,FFCCCCCC,BA
1473,6,2025-06-01,,1,FFCCCCCC,BB
1474,6,2025-06-08,,1,FFCCCCCC,BC
1475,6,2025-06-15,,1,FFCCCCCC,BD
1476,6,2025-06-22,,1,FFCCCCCC,BE
1477,6,2025-07-06,,1,FFCCCCCC,BF
1478,6,2025-07-13,,1,FFCCCCCC,BG
1479,6,2025-07-20,,1,FFCCCCCC,BH
1480,6,2025-07-27,,1,FFCCCCCC,BI
1481,6,2025-08-03,,1,FFCCCCCC,BJ
1482,6,2025-08-10,,1,FFCCCCCC,BK
1483,6,2025-08-17,,1,FFCCCCCC,BL
1484,6,2025-08-24,,1,FFCCCCCC,BM
1485,6,2025-09-07,,1,FFCCCCCC,BN
1486,6,2025-09-14,,1,FFCCCCCC,BO
1487,6,2025-09-21,,1,FFCCCCCC,BP
1488,6,2025-09-28,,1,FFCCCCCC,BQ
1489,6,2025-10-05,,1,FFCCCCCC,BR
1490,6,2025-10-12,,1,FFCCCCCC,BS
1491,6,2025-10-19,,1,FFCCCCCC,BT
1492,6,2025-10-26,,1,FFCCCCCC,BU
1493,6,2025-11-02,,1,FFCCCCCC,BV
1494,6,2025-11-09,,1,FFCCCCCC,BW
1495,6,2025-11-16,,1,FFCCCCCC,BX
1496,6,2025-11-23,,1,FFCCCCCC,BY
1497,6,2025-12-07,,1,FFCCCCCC,BZ
1498,6,2025-12-14,,1,FFCCCCCC,CA
1499,6,2025-12-21,,1,FFCCCCCC,CB
1500,6,2025-12-28,,1,FFCCCCCC,CC
1501,6,2026-01-05,,1,FFCCCCCC,CD
1502,6,2026-01-12,,1,FFCCCCCC,CE
1503,6,2026-01-19,,1,FFCCCCCC,CF
1504,6,2026-01-26,,1,FFCCCCCC,CG
1505,6,2026-02-02,,1,FFCCCCCC,CI
1506,6,2026-02-09,,1,FFCCCCCC,CJ
1507,6,2026-02-16,,1,FFCCCCCC,CK
1508,6,2026-02-23,,1,FFCCCCCC,CL
1509,6,2026-03-02,,1,FFCCCCCC,CN
1510,6,2026-03-09,,1,FFCCCCCC,CO
1511,6,2026-03-16,,1,FFCCCCCC,CP
1512,6,2026-03-23,,1,FFCCCCCC,CQ
1513,6,2026-03-30,,1,FFCCCCCC,CR
1514,6,2026-04-06,,1,FFCCCCCC,CS
1515,6,2026-04-13,,1,FFCCCCCC,CT
1516,6,2026-04-20,,1,FFCCCCCC,CU
1517,6,2026-04-27,,1,FFCCCCCC,CV
1518,6,2026-05-04,,1,FFCCCCCC,CW
1519,6,2026-05-11,,1,FFCCCCCC,CY
1520,6,2026-05-18,,1,FFCCCCCC,CZ
1521,6,2026-05-25,,1,FFCCCCCC,DA
1522,6,2026-06-01,,1,FFCCCCCC,DC
1523,6,2026-06-08,,1,FFCCCCCC,DD
1524,6,2026-06-15,,1,FFCCCCCC,DE
1525,6,2026-06-22,,1,FFCCCCCC,DF
1526,6,2026-06-29,,1,FFCCCCCC,DG
1527,6,2026-07-06,,1,FFCCCCCC,DH
1528,6,2026-07-13,,1,FFCCCCCC,DI
1529,6,2026-07-20,,1,FFCCCCCC,DJ
1530,6,2026-07-27,,1,FFCCCCCC,DK
1531,6,2026-08-03,,1,FFCCCCCC,DM
1532,6,2026-08-10,,1,FFCCCCCC,DN
1533,6,2026-08-17,,1,FFCCCCCC,DO
1534,6,2026-08-24,,1,FFCCCCCC,DP
1535,6,2026-08-31,,1,FFCCCCCC,DQ
1536,6,2026-09-07,,1,FFCCCCCC,DR
1537,6,2026-09-14,,1,FFCCCCCC,DS
1538,6,2026-09-21,,1,FFCCCCCC,DT
1539,6,2026-09-28,,1,FFCCCCCC,DU
1540,6,2026-10-05,,1,FFCCCCCC,DW
1541,6,2026-10-12,,1,FFCCCCCC,DX
1542,6,2026-10-19,,1,FFCCCCCC,DY
1543,6,2026-10-26,,1,FFCCCCCC,DZ
1544,6,2026-11-02,,1,FFCCCCCC,EB
1545,6,2026-11-09,,1,FFCCCCCC,EC
1546,6,2026-11-16,,1,FFCCCCCC,ED
1547,6,2026-11-23,,1,FFCCCCCC,EE
1548,6,2026-11-30,,1,FFCCCCCC,EF
1549,6,2026-12-07,,1,FFCCCCCC,EG
1550,6,2026-12-14,,1,FFCCCCCC,EH
1551,6,2026-12-21,,1,FFCCCCCC,EI
1552,6,2026-12-28,,1,FFCCCCCC,EJ
1553,6,2027-01-04,,1,FFCCCCCC,EK
1554,6,2027-01-11,,1,FFCCCCCC,EL
1555,6,2027-01-18,,1,FFCCCCCC,EM
1556,6,2027-01-25,,1,FFCCCCCC,EN
1557,6,2027-02-01,,1,FFCCCCCC,EO
1558,6,2027-02-08,,1,FFCCCCCC,EP
1559,6,2027-02-15,,1,FFCCCCCC,EQ
1560,6,2027-02-22,,1,FFCCCCCC,ER
1561,6,2027-03-01,,1,FFCCCCCC,ES
1562,6,2027-03-08,,1,FFCCCCCC,ET
1563,6,2027-03-15,,1,FFCCCCCC,EU
1564,6,2027-03-22,,1,FFCCCCCC,EV
1565,6,2027-03-29,,1,FFCCCCCC,EW
1566,6,2027-04-05,,1,FFCCCCCC,EX
1567,6,2027-04-12,,1,FFCCCCCC,EY
1568,6,2027-04-19,,1,FFCCCCCC,EZ
1569,6,2027-04-26,,1,FFCCCCCC,FA
1570,6,2027-05-03,,1,FFCCCCCC,FB
1571,6,2027-05-10,,1,FFCCCCCC,FC
1572,6,2027-05-17,,1,FFCCCCCC,FD
1573,6,2027-05-24,,1,FFCCCCCC,FE
1574,6,2027-05-31,,1,FFCCCCCC,FF
1575,6,2027-06-07,,1,FFCCCCCC,FG
1576,6,2027-06-14,,1,FFCCCCCC,FH
1577,6,2027-06-21,,1,FFCCCCCC,FI
1578,6,2027-06-28,,1,FFCCCCCC,FJ
1579,6,2027-07-05,,1,FFCCCCCC,FK
1580,6,2027-07-12,,1,FFCCCCCC,FL
1581,6,2027-07-19,,1,FFCCCCCC,FM
1582,6,2027-07-26,,1,FFCCCCCC,FN
1583,6,2027-08-02,,1,FFCCCCCC,FO
1584,6,2027-08-09,,1,FFCCCCCC,FP
1585,6,2027-08-16,,1,FFCCCCCC,FQ
1586,6,2027-08-23,,1,FFCCCCCC,FR
1587,6,2027-08-30,,1,FFCCCCCC,FS
1588,6,2027-09-06,,1,FFCCCCCC,FT
1589,6,2027-09-13,,1,FFCCCCCC,FU
1590,6,2027-09-20,,1,FFCCCCCC,FV
1591,6,2027-09-27,,1,FFCCCCCC,FW
1592,6,2027-10-04,,1,FFCCCCCC,FX
1593,6,2027-10-11,,1,FFCCCCCC,FY
1594,6,2027-10-18,,1,FFCCCCCC,FZ
1595,6,2027-10-25,,1,FFCCCCCC,GA
1596,6,2027-11-01,,1,FFCCCCCC,GB
1597,6,2027-11-08,,1,FFCCCCCC,GC
1598,6,2027-11-15,,1,FFCCCCCC,GD
1599,6,2027-11-22,,1,FFCCCCCC,GE
1600,6,2027-11-29,,1,FFCCCCCC,GF
1601,6,2027-12-06,,1,FFCCCCCC,GG
1602,6,2027-12-13,,1,FFCCCCCC,GH
1603,6,2027-12-20,,1,FFCCCCCC,GI
1604,6,2027-12-27,,1,FFCCCCCC,GJ
1605,6,2028-01-17,,1,FFCCCCCC,GM
1606,6,2028-01-24,,1,FFCCCCCC,GN
1607,6.1,2025-01-12,7500.0,0,,AI
1608,6.1,2026-04-06,7500.0,0,,CS
1609,6.2,2025-01-05,2500.0,0,,AH
1610,6.2,2025-02-23,5000.0,0,,AO
1611,6.2,2026-07-06,2500.0,0,,DH
1612,6.3,2024-12-15,12000.0,0,,AE
1613,6.3,2025-01-05,8000.0,0,,AH
1614,6.3,2026-10-05,22416.85,0,,DW
1615,6.4,2026-03-02,48000.0,0,,CN
1616,6,2024-10-06,,1,FFC8DCF0,U
1617,6,2024-10-13,,1,FFC8DCF0,V
1618,6,2024-10-20,,1,FFC8DCF0,W
1619,6,2024-10-27,,1,FFC8DCF0,X
1620,6,2024-11-03,,1,FFC8DCF0,Y
1621,6,2024-11-10,,1,FFC8DCF0,Z
1622,6,2024-11-17,,1,FFC8DCF0,AA
1623,6,2024-11-24,,1,FFC8DCF0,AB
1624,6,2024-12-01,,1,FFC8DCF0,AC
1625,6,2024-12-08,,1,FFC8DCF0,AD
1626,6,2024-12-15,,1,FFC8DCF0,AE
1627,6,2024-12-22,,1,FFC8DCF0,AF
1628,6,2025-12-22,,1,FFC8DCF0,AG
1629,6,2025-01-05,,1,FFC8DCF0,AH
1630,6,2025-01-12,,1,FFC8DCF0,AI
1631,6,2025-01-19,,1,FFC8DCF0,AJ
1632,6,2025-01-26,,1,FFC8DCF0,AK
1633,6,2025-02-02,,1,FFC8DCF0,AL
1634,6,2025-02-09,,1,FFC8DCF0,AM
1635,6,2025-02-16,,1,FFC8DCF0,AN
1636,6,2025-02-23,,1,FFC8DCF0,AO
1637,6,2025-03-02,,1,FFC8DCF0,AP
1638,6,2025-03-09,,1,FFC8DCF0,AQ
1639,6,2025-03-16,,1,FFC8DCF0,AR
1640,6,2025-03-23,,1,FFC8DCF0,AS
1641,6,2025-04-06,,1,FFC8DCF0,AT
1642,6,2025-04-13,,1,FFC8DCF0,AU
1643,6,2025-04-20,,1,FFC8DCF0,AV
1644,6,2025-04-27,,1,FFC8DCF0,AW
1645,6,2025-05-04,,1,FFC8DCF0,AX
1646,6,2025-05-11,,1,FFC8DCF0,AY
1647,6,2025-05-18,,1,FFC8DCF0,AZ
1648,6,2025-05-25,,1,FFC8DCF0,BA
1649,6,2025-06-01,,1,FFC8DCF0,BB
1650,6,2025-06-08,,1,FFC8DCF0,BC
1651,6,2025-06-15,,1,FFC8DCF0,BD
1652,6,2025-06-22,,1,FFC8DCF0,BE
1653,6,2025-07-06,,1,FFC8DCF0,BF
1654,6,2025-07-13,,1,FFC8DCF0,BG
1655,6,2025-07-20,,1,FFC8DCF0,BH
1656,6,2025-07-27,,1,FFC8DCF0,BI
1657,6,2025-08-03,,1,FFC8DCF0,BJ
1658,6,2025-08-10,,1,FFC8DCF0,BK
1659,6,2025-08-17,,1,FFC8DCF0,BL
1660,6,2025-08-24,,1,FFC8DCF0,BM
1661,6,2025-09-07,,1,FFC8DCF0,BN
1662,6,2025-09-14,,1,FFC8DCF0,BO
1663,6,2025-09-21,,1,FFC8DCF0,BP
1664,6,2025-09-28,,1,FFC8DCF0,BQ
1665,6,2025-10-05,,1,FFC8DCF0,BR
1666,6,2025-10-12,,1,FFC8DCF0,BS
1667,6,2025-10-19,,1,FFC8DCF0,BT
1668,6,2025-10-26,,1,FFC8DCF0,BU
1669,6,2025-11-02,,1,FFC8DCF0,BV
1670,6,2025-11-09,,1,FFC8DCF0,BW
1671,6,2025-11-16,,1,FFC8DCF0,BX
1672,6,2025-11-23,,1,FFC8DCF0,BY
1673,6,2025-12-07,,1,FFC8DCF0,BZ
1674,6,2025-12-14,,1,FFC8DCF0,CA
1675,6,2025-12-21,,1,FFC8DCF0,CB
1676,6,2025-12-28,,1,FFC8DCF0,CC
1677,6,2026-02-02,,1,FFC8DCF0,CI
1678,6,2026-02-09,,1,FFC8DCF0,CJ
1679,6,2026-02-16,,1,FFC8DCF0,CK
1680,6,2026-02-23,,1,FFC8DCF0,CL
1681,6,2026-03-02,-480000.0,1,FFC8DCF0,CN
1682,6,2026-03-09,,1,FFC8DCF0,CO
1683,6,2026-03-16,,1,FFC8DCF0,CP
1684,6,2026-03-23,0.0,1,FFC8DCF0,CQ
1685,6,2026-03-30,,1,FFC8DCF0,CR
1686,6,2026-04-06,,1,FFC8DCF0,CS
1687,6,2026-04-13,,1,FFC8DCF0,CT
1688,6,2026-04-20,,1,FFC8DCF0,CU
1689,6,2026-04-27,,1,FFC8DCF0,CV
1690,6,2026-05-04,,1,FFC8DCF0,CW
1691,6,2026-05-11,,1,FFC8DCF0,CY
1692,6,2026-05-18,,1,FFC8DCF0,CZ
1693,6,2026-05-25,,1,FFC8DCF0,DA
1694,6,2026-06-01,,1,FFC8DCF0,DC
1695,6,2026-06-08,,1,FFC8DCF0,DD
1696,6,2026-06-15,,1,FFC8DCF0,DE
1697,6,2026-06-22,,1,FFC8DCF0,DF
1698,6,2026-06-29,,1,FFC8DCF0,DG
1699,6,2026-07-06,,1,FFC8DCF0,DH
1700,6,2026-07-13,,1,FFC8DCF0,DI
1701,6,2026-07-20,,1,FFC8DCF0,DJ
1702,6,2026-07-27,,1,FFC8DCF0,DK
1703,6,2026-08-03,,1,FFC8DCF0,DM
1704,6,2026-08-10,,1,FFC8DCF0,DN
1705,6,2026-08-17,,1,FFC8DCF0,DO
1706,6,2026-08-24,,1,FFC8DCF0,DP
1707,6,2026-08-31,,1,FFC8DCF0,DQ
1708,6,2026-09-07,,1,FFC8DCF0,DR
1709,6,2026-09-14,,1,FFC8DCF0,DS
1710,6,2026-09-21,,1,FFC8DCF0,DT
1711,6,2026-09-28,,1,FFC8DCF0,DU
1712,6,2026-10-05,,1,FFC8DCF0,DW
1713,6,2026-10-12,,1,FFC8DCF0,DX
1714,6,2026-10-19,,1,FFC8DCF0,DY
1715,6,2026-10-26,,1,FFC8DCF0,DZ
1716,6,2026-11-02,,1,FFC8DCF0,EB
1717,6,2026-11-09,,1,FFC8DCF0,EC
1718,6,2026-11-16,,1,FFC8DCF0,ED
1719,6,2026-11-23,,1,FFC8DCF0,EE
1720,6,2026-11-30,,1,FFC8DCF0,EF
1721,6,2026-12-07,,1,FFC8DCF0,EG
1722,6,2026-12-14,,1,FFC8DCF0,EH
1723,6,2026-12-21,,1,FFC8DCF0,EI
1724,6,2026-12-28,,1,FFC8DCF0,EJ
1725,6,2027-01-04,,1,FFC8DCF0,EK
1726,6,2027-01-11,,1,FFC8DCF0,EL
1727,6,2027-01-18,,1,FFC8DCF0,EM
1728,6,2027-01-25,,1,FFC8DCF0,EN
1729,6,2027-02-01,,1,FFC8DCF0,EO
1730,6,2027-02-08,,1,FFC8DCF0,EP
1731,6,2027-02-15,,1,FFC8DCF0,EQ
1732,6,2027-02-22,,1,FFC8DCF0,ER
1733,6,2027-03-01,,1,FFC8DCF0,ES
1734,6,2027-03-08,,1,FFC8DCF0,ET
1735,6,2027-03-15,,1,FFC8DCF0,EU
1736,6,2027-03-22,,1,FFC8DCF0,EV
1737,6,2027-03-29,,1,FFC8DCF0,EW
1738,6,2027-04-05,,1,FFC8DCF0,EX
1739,6,2027-04-12,,1,FFC8DCF0,EY
1740,6,2027-04-19,,1,FFC8DCF0,EZ
1741,6,2027-04-26,,1,FFC8DCF0,FA
1742,6,2027-05-03,,1,FFC8DCF0,FB
1743,6,2027-05-10,,1,FFC8DCF0,FC
1744,6,2027-05-17,,1,FFC8DCF0,FD
1745,6,2027-05-24,,1,FFC8DCF0,FE
1746,6,2027-05-31,,1,FFC8DCF0,FF
1747,6,2027-06-07,,1,FFC8DCF0,FG
1748,6,2027-06-14,,1,FFC8DCF0,FH
1749,6,2027-06-21,,1,FFC8DCF0,FI
1750,6,2027-06-28,,1,FFC8DCF0,FJ
1751,6,2027-07-05,,1,FFC8DCF0,FK
1752,6,2027-07-12,,1,FFC8DCF0,FL
1753,6,2027-07-19,,1,FFC8DCF0,FM
1754,6,2027-07-26,,1,FFC8DCF0,FN
1755,6,2027-08-02,,1,FFC8DCF0,FO
1756,6,2027-08-09,,1,FFC8DCF0,FP
1757,6,2027-08-16,,1,FFC8DCF0,FQ
1758,6,2027-08-23,,1,FFC8DCF0,FR
1759,6,2027-08-30,,1,FFC8DCF0,FS
1760,6,2027-09-06,,1,FFC8DCF0,FT
1761,6,2027-09-13,,1,FFC8DCF0,FU
1762,6,2027-09-20,,1,FFC8DCF0,FV
1763,6,2027-09-27,,1,FFC8DCF0,FW
1764,6,2027-10-04,,1,FFC8DCF0,FX
1765,6,2027-10-11,,1,FFC8DCF0,FY
1766,6,2027-10-18,,1,FFC8DCF0,FZ
1767,6,2027-10-25,,1,FFC8DCF0,GA
1768,6,2027-11-01,,1,FFC8DCF0,GB
1769,6,2027-11-08,,1,FFC8DCF0,GC
1770,6,2027-11-15,,1,FFC8DCF0,GD
1771,6,2027-11-22,,1,FFC8DCF0,GE
1772,6,2027-11-29,,1,FFC8DCF0,GF
1773,6,2027-12-06,,1,FFC8DCF0,GG
1774,6,2027-12-13,,1,FFC8DCF0,GH
1775,6,2027-12-20,,1,FFC8DCF0,GI
1776,6,2027-12-27,,1,FFC8DCF0,GJ
1777,6,2028-01-17,,1,FFC8DCF0,GM
1778,6,2028-01-24,,1,FFC8DCF0,GN
1779,9,2024-10-06,,1,FFCCCCCC,U
1780,9,2024-10-13,,1,FFCCCCCC,V
1781,9,2024-10-20,,1,FFCCCCCC,W
1782,9,2024-10-27,,1,FFCCCCCC,X
1783,9,2024-11-03,,1,FFCCCCCC,Y
1784,9,2024-11-10,,1,FFCCCCCC,Z
1785,9,2024-11-17,,1,FFCCCCCC,AA
1786,9,2024-11-24,,1,FFCCCCCC,AB
1787,9,2024-12-01,,1,FFCCCCCC,AC
1788,9,2024-12-08,,1,FFCCCCCC,AD
1789,9,2024-12-15,,1,FFCCCCCC,AE
1790,9,2024-12-22,,1,FFCCCCCC,AF
1791,9,2025-12-22,,1,FFCCCCCC,AG
1792,9,2025-01-05,,1,FFCCCCCC,AH
1793,9,2025-01-12,,1,FFCCCCCC,AI
1794,9,2025-01-19,,1,FFCCCCCC,AJ
1795,9,2025-01-26,,1,FFCCCCCC,AK
1796,9,2025-02-02,,1,FFCCCCCC,AL
1797,9,2025-02-09,,1,FFCCCCCC,AM
1798,9,2025-02-16,,1,FFCCCCCC,AN
1799,9,2025-02-23,,1,FFCCCCCC,AO
1800,9,2025-03-02,,1,FFCCCCCC,AP
1801,9,2025-03-09,,1,FFCCCCCC,AQ
1802,9,2025-03-16,,1,FFCCCCCC,AR
1803,9,2025-03-23,,1,FFCCCCCC,AS
1804,9,2025-04-06,,1,FFCCCCCC,AT
1805,9,2025-04-13,,1,FFCCCCCC,AU
1806,9,2025-04-20,,1,FFCCCCCC,AV
1807,9,2025-04-27,,1,FFCCCCCC,AW
1808,9,2025-05-04,,1,FFCCCCCC,AX
1809,9,2025-05-11,,1,FFCCCCCC,AY
1810,9,2025-05-18,,1,FFCCCCCC,AZ
1811,9,2025-05-25,,1,FFCCCCCC,BA
1812,9,2025-06-01,,1,FFCCCCCC,BB
1813,9,2025-06-08,,1,FFCCCCCC,BC
1814,9,2025-06-15,,1,FFCCCCCC,BD
1815,9,2025-06-22,,1,FFCCCCCC,BE
1816,9,2025-07-06,,1,FFCCCCCC,BF
1817,9,2025-07-13,,1,FFCCCCCC,BG
1818,9,2025-07-20,,1,FFCCCCCC,BH
1819,9,2025-07-27,,1,FFCCCCCC,BI
1820,9,2025-08-03,,1,FFCCCCCC,BJ
1821,9,2025-08-10,,1,FFCCCCCC,BK
1822,9,2025-08-17,,1,FFCCCCCC,BL
1823,9,2025-08-24,,1,FFCCCCCC,BM
1824,9,2025-09-07,,1,FFCCCCCC,BN
1825,9,2025-09-14,,1,FFCCCCCC,BO
1826,9,2025-09-21,,1,FFCCCCCC,BP
1827,9,2025-09-28,,1,FFCCCCCC,BQ
1828,9,2025-10-05,,1,FFCCCCCC,BR
1829,9,2025-10-12,,1,FFCCCCCC,BS
1830,9,2025-10-19,,1,FFCCCCCC,BT
1831,9,2025-10-26,,1,FFCCCCCC,BU
1832,9,2025-11-02,,1,FFCCCCCC,BV
1833,9,2025-11-09,,1,FFCCCCCC,BW
1834,9,2025-11-16,,1,FFCCCCCC,BX
1835,9,2025-11-23,,1,FFCCCCCC,BY
1836,9,2025-12-07,,1,FFCCCCCC,BZ
1837,9,2025-12-14,,1,FFCCCCCC,CA
1838,9,2025-12-21,,1,FFCCCCCC,CB
1839,9,2025-12-28,,1,FFCCCCCC,CC
1840,9,2026-01-05,,1,FFCCCCCC,CD
1841,9,2026-01-12,,1,FFCCCCCC,CE
1842,9,2026-01-19,,1,FFCCCCCC,CF
1843,9,2026-01-26,,1,FFCCCCCC,CG
1844,9,2026-02-02,,1,FFCCCCCC,CI
1845,9,2026-02-09,,1,FFCCCCCC,CJ
1846,9,2026-02-16,,1,FFCCCCCC,CK
1847,9,2026-02-23,,1,FFCCCCCC,CL
1848,9,2026-03-02,,1,FFCCCCCC,CN
1849,9,2026-03-09,,1,FFCCCCCC,CO
1850,9,2026-03-16,,1,FFCCCCCC,CP
1851,9,2026-03-23,,1,FFCCCCCC,CQ
1852,9,2026-03-30,,1,FFCCCCCC,CR
1853,9,2026-04-06,,1,FFCCCCCC,CS
1854,9,2026-04-13,,1,FFCCCCCC,CT
1855,9,2026-04-20,,1,FFCCCCCC,CU
1856,9,2026-04-27,,1,FFCCCCCC,CV
1857,9,2026-05-04,,1,FFCCCCCC,CW
1858,9,2026-05-11,,1,FFCCCCCC,CY
1859,9,2026-05-18,,1,FFCCCCCC,CZ
1860,9,2026-05-25,,1,FFCCCCCC,DA
1861,9,2026-06-01,,1,FFCCCCCC,DC
1862,9,2026-06-08,,1,FFCCCCCC,DD
1863,9,2026-06-15,,1,FFCCCCCC,DE
1864,9,2026-06-22,,1,FFCCCCCC,DF
1865,9,2026-06-29,,1,FFCCCCCC,DG
1866,9,2026-07-06,,1,FFCCCCCC,DH
1867,9,2026-07-13,,1,FFCCCCCC,DI
1868,9,2026-07-20,,1,FFCCCCCC,DJ
1869,9,2026-07-27,,1,FFCCCCCC,DK
1870,9,2026-08-03,,1,FFCCCCCC,DM
1871,9,2026-08-10,,1,FFCCCCCC,DN
1872,9,2026-08-17,,1,FFCCCCCC,DO
1873,9,2026-08-24,,1,FFCCCCCC,DP
1874,9,2026-08-31,,1,FFCCCCCC,DQ
1875,9,2026-09-07,,1,FFCCCCCC,DR
1876,9,2026-09-14,,1,FFCCCCCC,DS
1877,9,2026-09-21,,1,FFCCCCCC,DT
1878,9,2026-09-28,,1,FFCCCCCC,DU
1879,9,2026-10-05,,1,FFCCCCCC,DW
1880,9,2026-10-12,,1,FFCCCCCC,DX
1881,9,2026-10-19,,1,FFCCCCCC,DY
1882,9,2026-10-26,,1,FFCCCCCC,DZ
1883,9,2026-11-02,,1,FFCCCCCC,EB
1884,9,2026-11-09,,1,FFCCCCCC,EC
1885,9,2026-11-16,,1,FFCCCCCC,ED
1886,9,2026-11-23,,1,FFCCCCCC,EE
1887,9,2026-11-30,,1,FFCCCCCC,EF
1888,9,2026-12-07,,1,FFCCCCCC,EG
1889,9,2026-12-14,,1,FFCCCCCC,EH
1890,9,2026-12-21,,1,FFCCCCCC,EI
1891,9,2026-12-28,,1,FFCCCCCC,EJ
1892,9,2027-01-04,,1,FFCCCCCC,EK
1893,9,2027-01-11,,1,FFCCCCCC,EL
1894,9,2027-01-18,,1,FFCCCCCC,EM
1895,9,2027-01-25,,1,FFCCCCCC,EN
1896,9,2027-02-01,,1,FFCCCCCC,EO
1897,9,2027-02-08,,1,FFCCCCCC,EP
1898,9,2027-02-15,,1,FFCCCCCC,EQ
1899,9,2027-02-22,,1,FFCCCCCC,ER
1900,9,2027-03-01,,1,FFCCCCCC,ES
1901,9,2027-03-08,,1,FFCCCCCC,ET
1902,9,2027-03-15,,1,FFCCCCCC,EU
1903,9,2027-03-22,,1,FFCCCCCC,EV
1904,9,2027-03-29,,1,FFCCCCCC,EW
1905,9,2027-04-05,,1,FFCCCCCC,EX
1906,9,2027-04-12,,1,FFCCCCCC,EY
1907,9,2027-04-19,,1,FFCCCCCC,EZ
1908,9,2027-04-26,,1,FFCCCCCC,FA
1909,9,2027-05-03,,1,FFCCCCCC,FB
1910,9,2027-05-10,,1,FFCCCCCC,FC
1911,9,2027-05-17,,1,FFCCCCCC,FD
1912,9,2027-05-24,,1,FFCCCCCC,FE
1913,9,2027-05-31,,1,FFCCCCCC,FF
1914,9,2027-06-07,,1,FFCCCCCC,FG
1915,9,2027-06-14,,1,FFCCCCCC,FH
1916,9,2027-06-21,,1,FFCCCCCC,FI
1917,9,2027-06-28,,1,FFCCCCCC,FJ
1918,9,2027-07-05,,1,FFCCCCCC,FK
1919,9,2027-07-12,,1,FFCCCCCC,FL
1920,9,2027-07-19,,1,FFCCCCCC,FM
1921,9,2027-07-26,,1,FFCCCCCC,FN
1922,9,2027-08-02,,1,FFCCCCCC,FO
1923,9,2027-08-09,,1,FFCCCCCC,FP
1924,9,2027-08-16,,1,FFCCCCCC,FQ
1925,9,2027-08-23,,1,FFCCCCCC,FR
1926,9,2027-08-30,,1,FFCCCCCC,FS
1927,9,2027-09-06,,1,FFCCCCCC,FT
1928,9,2027-09-13,,1,FFCCCCCC,FU
1929,9,2027-09-20,,1,FFCCCCCC,FV
1930,9,2027-09-27,,1,FFCCCCCC,FW
1931,9,2027-10-04,,1,FFCCCCCC,FX
1932,9,2027-10-11,,1,FFCCCCCC,FY
1933,9,2027-10-18,,1,FFCCCCCC,FZ
1934,9,2027-10-25,,1,FFCCCCCC,GA
1935,9,2027-11-01,,1,FFCCCCCC,GB
1936,9,2027-11-08,,1,FFCCCCCC,GC
1937,9,2027-11-15,,1,FFCCCCCC,GD
1938,9,2027-11-22,,1,FFCCCCCC,GE
1939,9,2027-11-29,,1,FFCCCCCC,GF
1940,9,2027-12-06,,1,FFCCCCCC,GG
1941,9,2027-12-13,,1,FFCCCCCC,GH
1942,9,2027-12-20,,1,FFCCCCCC,GI
1943,9,2027-12-27,,1,FFCCCCCC,GJ
1944,9,2028-01-17,,1,FFCCCCCC,GM
1945,9,2028-01-24,,1,FFCCCCCC,GN
1946,9.1.1,2026-02-02,-1921.0,0,FFFFFFFF,CI
1947,9.1.1,2026-05-11,,1,FFA2C4C9,CY
1948,9.1.1,2026-05-18,,1,FFA2C4C9,CZ
1949,9.1.1,2026-05-25,,1,FFA2C4C9,DA
1950,9.1.1,2026-06-01,,1,FFA2C4C9,DC
1951,9.1.1,2026-06-08,,1,FFA2C4C9,DD
1952,9.1.1,2026-06-15,,1,FFA2C4C9,DE
1953,9.1.1,2026-06-22,,1,FFA2C4C9,DF
1954,9.1.1,2026-06-29,,1,FFA2C4C9,DG
1955,9.1.2,2026-02-02,-678.0,0,FFFFFFFF,CI
1956,9.1.2,2026-05-11,,1,FFA2C4C9,CY
1957,9.1.2,2026-05-18,,1,FFA2C4C9,CZ
1958,9.1.2,2026-05-25,,1,FFA2C4C9,DA
1959,9.1.2,2026-06-01,,1,FFA2C4C9,DC
1960,9.1.2,2026-06-08,,1,FFA2C4C9,DD
1961,9.1.2,2026-06-15,,1,FFA2C4C9,DE
1962,9.1.2,2026-06-22,,1,FFA2C4C9,DF
1963,9.1.2,2026-06-29,,1,FFA2C4C9,DG
1964,9.1.2,2026-07-06,,1,FFA2C4C9,DH
1965,9.1.3,2026-05-11,,1,FFA2C4C9,CY
1966,9.1.3,2026-05-18,,1,FFA2C4C9,CZ
1967,9.1.3,2026-05-25,,1,FFA2C4C9,DA
1968,9.1.3,2026-06-01,,1,FFA2C4C9,DC
1969,9.1.3,2026-06-08,,1,FFA2C4C9,DD
1970,9.1.3,2026-06-15,,1,FFA2C4C9,DE
1971,9.1.3,2026-06-22,,1,FFA2C4C9,DF
1972,9.1.3,2026-06-29,,1,FFA2C4C9,DG
1973,9.2.1,2026-03-23,8814.0,0,FFFFFFFF,CQ
1974,9.2.1,2026-05-11,,1,FFA2C4C9,CY
1975,9.2.1,2026-05-18,,1,FFA2C4C9,CZ
1976,9.2.1,2026-05-25,,1,FFA2C4C9,DA
1977,9.2.1,2026-06-01,,1,FFA2C4C9,DC
1978,9.2.1,2026-06-08,,1,FFA2C4C9,DD
1979,9.2.1,2026-06-15,,1,FFA2C4C9,DE
1980,9.2.1,2026-06-22,,1,FFA2C4C9,DF
1981,9.2.1,2026-06-29,,1,FFA2C4C9,DG
1982,9.2.1,2026-07-06,,1,FFA2C4C9,DH
1983,9.3.1,2026-03-23,1355.9999999999998,0,FFFFFFFF,CQ
1984,9.3.1,2026-05-18,,1,FFA2C4C9,CZ
1985,9.3.1,2026-05-25,,1,FFA2C4C9,DA
1986,9.3.1,2026-06-01,,1,FFA2C4C9,DC
1987,9.3.1,2026-06-08,,1,FFA2C4C9,DD
1988,9.3.1,2026-06-15,,1,FFA2C4C9,DE
1989,9.3.1,2026-06-22,,1,FFA2C4C9,DF
1990,9.3.1,2026-06-29,,1,FFA2C4C9,DG
1991,9.3.1,2026-07-06,,1,FFA2C4C9,DH
1992,9.3.1,2026-07-13,,1,FFA2C4C9,DI
1993,7.2,2026-05-18,,1,FFA2C4C9,CZ
1994,7.2,2026-05-25,,1,FFA2C4C9,DA
1995,7.2,2026-06-01,,1,FFA2C4C9,DC
1996,7.2,2026-06-08,,1,FFA2C4C9,DD
1997,7.2,2026-06-15,,1,FFA2C4C9,DE
1998,7.2,2026-06-22,,1,FFA2C4C9,DF
1999,7.2,2026-06-29,,1,FFA2C4C9,DG
2000,7.2,2026-07-06,,1,FFA2C4C9,DH
2001,7.2,2026-07-13,,1,FFA2C4C9,DI
2002,7.3,2026-05-04,51081.225,0,FFFFFFFF,CW
2003,7.3,2026-05-18,,1,FFA2C4C9,CZ
2004,7.3,2026-05-25,,1,FFA2C4C9,DA
2005,7.3,2026-06-01,,1,FFA2C4C9,DC
2006,7.3,2026-06-08,,1,FFA2C4C9,DD
2007,7.3,2026-06-15,,1,FFA2C4C9,DE
2008,7.3,2026-06-22,,1,FFA2C4C9,DF
2009,7.3,2026-06-29,,1,FFA2C4C9,DG
2010,7.3,2026-07-06,,1,FFA2C4C9,DH
2011,7.3,2026-07-13,,1,FFA2C4C9,DI
2012,7.3,2026-09-07,51081.225,0,FFFFFFFF,DR
2013,7.4,2026-05-18,,1,FFA2C4C9,CZ
2014,7.4,2026-05-25,,1,FFA2C4C9,DA
2015,7.4,2026-06-01,,1,FFA2C4C9,DC
2016,7.4,2026-06-08,,1,FFA2C4C9,DD
2017,7.4,2026-06-15,,1,FFA2C4C9,DE
2018,7.4,2026-06-22,,1,FFA2C4C9,DF
2019,7.4,2026-06-29,,1,FFA2C4C9,DG
2020,7.4,2026-07-06,,1,FFA2C4C9,DH
2021,7.4,2026-07-13,,1,FFA2C4C9,DI
2022,7.4,2026-08-03,265000.0,0,FFFFFFFF,DM
2023,7.5,2026-05-18,,1,FFA2C4C9,CZ
2024,7.5,2026-05-25,,1,FFA2C4C9,DA
2025,7.5,2026-06-01,,1,FFA2C4C9,DC
2026,7.5,2026-06-08,,1,FFA2C4C9,DD
2027,7.5,2026-06-15,,1,FFA2C4C9,DE
2028,7.5,2026-06-22,,1,FFA2C4C9,DF
2029,7.5,2026-06-29,,1,FFA2C4C9,DG
2030,7.5,2026-07-06,,1,FFA2C4C9,DH
2031,7.5,2026-07-13,,1,FFA2C4C9,DI
2032,7.5,2026-11-23,129800.0,0,FFFFFFFF,EE
2033,7.6,2025-12-28,150000.0,0,,CC
2034,7.6,2026-05-18,,1,FFA2C4C9,CZ
2035,7.6,2026-05-25,,1,FFA2C4C9,DA
2036,7.6,2026-06-01,,1,FFA2C4C9,DC
2037,7.6,2026-06-08,,1,FFA2C4C9,DD
2038,7.6,2026-06-15,,1,FFA2C4C9,DE
2039,7.6,2026-06-22,,1,FFA2C4C9,DF
2040,7.6,2026-06-29,,1,FFA2C4C9,DG
2041,7.6,2026-07-06,,1,FFA2C4C9,DH
2042,7.6,2026-07-13,,1,FFA2C4C9,DI
2043,7.6,2026-11-02,300000.0,0,FFFFFFFF,EB
2044,7.7,2026-05-18,,1,FFA2C4C9,CZ
2045,7.7,2026-05-25,,1,FFA2C4C9,DA
2046,7.7,2026-06-01,,1,FFA2C4C9,DC
2047,7.7,2026-06-08,,1,FFA2C4C9,DD
2048,7.7,2026-06-15,,1,FFA2C4C9,DE
2049,7.7,2026-06-22,,1,FFA2C4C9,DF
2050,7.7,2026-06-29,,1,FFA2C4C9,DG
2051,7.7,2026-07-06,,1,FFA2C4C9,DH
2052,7.7,2026-07-13,,1,FFA2C4C9,DI
2053,7.7,2026-12-07,100000.0,0,FFFFFFFF,EG
2054,8,2024-10-06,,1,FFCCCCCC,U
2055,8,2024-10-13,,1,FFCCCCCC,V
2056,8,2024-10-20,,1,FFCCCCCC,W
2057,8,2024-10-27,,1,FFCCCCCC,X
2058,8,2024-11-03,,1,FFCCCCCC,Y
2059,8,2024-11-10,,1,FFCCCCCC,Z
2060,8,2024-11-17,,1,FFCCCCCC,AA
2061,8,2024-11-24,,1,FFCCCCCC,AB
2062,8,2024-12-01,,1,FFCCCCCC,AC
2063,8,2024-12-08,,1,FFCCCCCC,AD
2064,8,2024-12-15,,1,FFCCCCCC,AE
2065,8,2024-12-22,,1,FFCCCCCC,AF
2066,8,2025-12-22,,1,FFCCCCCC,AG
2067,8,2025-01-05,,1,FFCCCCCC,AH
2068,8,2025-01-12,,1,FFCCCCCC,AI
2069,8,2025-01-19,,1,FFCCCCCC,AJ
2070,8,2025-01-26,,1,FFCCCCCC,AK
2071,8,2025-02-02,,1,FFCCCCCC,AL
2072,8,2025-02-09,,1,FFCCCCCC,AM
2073,8,2025-02-16,,1,FFCCCCCC,AN
2074,8,2025-02-23,,1,FFCCCCCC,AO
2075,8,2025-03-02,,1,FFCCCCCC,AP
2076,8,2025-03-09,,1,FFCCCCCC,AQ
2077,8,2025-03-16,,1,FFCCCCCC,AR
2078,8,2025-03-23,,1,FFCCCCCC,AS
2079,8,2025-04-06,,1,FFCCCCCC,AT
2080,8,2025-04-13,,1,FFCCCCCC,AU
2081,8,2025-04-20,,1,FFCCCCCC,AV
2082,8,2025-04-27,,1,FFCCCCCC,AW
2083,8,2025-05-04,,1,FFCCCCCC,AX
2084,8,2025-05-11,,1,FFCCCCCC,AY
2085,8,2025-05-18,,1,FFCCCCCC,AZ
2086,8,2025-05-25,,1,FFCCCCCC,BA
2087,8,2025-06-01,,1,FFCCCCCC,BB
2088,8,2025-06-08,,1,FFCCCCCC,BC
2089,8,2025-06-15,,1,FFCCCCCC,BD
2090,8,2025-06-22,,1,FFCCCCCC,BE
2091,8,2025-07-06,,1,FFCCCCCC,BF
2092,8,2025-07-13,,1,FFCCCCCC,BG
2093,8,2025-07-20,,1,FFCCCCCC,BH
2094,8,2025-07-27,,1,FFCCCCCC,BI
2095,8,2025-08-03,,1,FFCCCCCC,BJ
2096,8,2025-08-10,,1,FFCCCCCC,BK
2097,8,2025-08-17,,1,FFCCCCCC,BL
2098,8,2025-08-24,,1,FFCCCCCC,BM
2099,8,2025-09-07,,1,FFCCCCCC,BN
2100,8,2025-09-14,,1,FFCCCCCC,BO
2101,8,2025-09-21,,1,FFCCCCCC,BP
2102,8,2025-09-28,,1,FFCCCCCC,BQ
2103,8,2025-10-05,,1,FFCCCCCC,BR
2104,8,2025-10-12,,1,FFCCCCCC,BS
2105,8,2025-10-19,,1,FFCCCCCC,BT
2106,8,2025-10-26,,1,FFCCCCCC,BU
2107,8,2025-11-02,,1,FFCCCCCC,BV
2108,8,2025-11-09,,1,FFCCCCCC,BW
2109,8,2025-11-16,,1,FFCCCCCC,BX
2110,8,2025-11-23,,1,FFCCCCCC,BY
2111,8,2025-12-07,,1,FFCCCCCC,BZ
2112,8,2025-12-14,,1,FFCCCCCC,CA
2113,8,2025-12-21,,1,FFCCCCCC,CB
2114,8,2025-12-28,,1,FFCCCCCC,CC
2115,8,2026-01-05,,1,FFCCCCCC,CD
2116,8,2026-01-12,,1,FFCCCCCC,CE
2117,8,2026-01-19,,1,FFCCCCCC,CF
2118,8,2026-01-26,,1,FFCCCCCC,CG
2119,8,2026-02-02,,1,FFCCCCCC,CI
2120,8,2026-02-09,,1,FFCCCCCC,CJ
2121,8,2026-02-16,,1,FFCCCCCC,CK
2122,8,2026-02-23,,1,FFCCCCCC,CL
2123,8,2026-03-02,,1,FFCCCCCC,CN
2124,8,2026-03-09,,1,FFCCCCCC,CO
2125,8,2026-03-16,,1,FFCCCCCC,CP
2126,8,2026-03-23,,1,FFCCCCCC,CQ
2127,8,2026-03-30,,1,FFCCCCCC,CR
2128,8,2026-04-06,,1,FFCCCCCC,CS
2129,8,2026-04-13,,1,FFCCCCCC,CT
2130,8,2026-04-20,,1,FFCCCCCC,CU
2131,8,2026-04-27,,1,FFCCCCCC,CV
2132,8,2026-05-04,,1,FFCCCCCC,CW
2133,8,2026-05-11,,1,FFCCCCCC,CY
2134,8,2026-05-18,,1,FFCCCCCC,CZ
2135,8,2026-05-25,,1,FFCCCCCC,DA
2136,8,2026-06-01,,1,FFCCCCCC,DC
2137,8,2026-06-08,,1,FFCCCCCC,DD
2138,8,2026-06-15,,1,FFCCCCCC,DE
2139,8,2026-06-22,,1,FFCCCCCC,DF
2140,8,2026-06-29,,1,FFCCCCCC,DG
2141,8,2026-07-06,,1,FFCCCCCC,DH
2142,8,2026-07-13,,1,FFCCCCCC,DI
2143,8,2026-07-20,,1,FFCCCCCC,DJ
2144,8,2026-07-27,,1,FFCCCCCC,DK
2145,8,2026-08-03,,1,FFCCCCCC,DM
2146,8,2026-08-10,,1,FFCCCCCC,DN
2147,8,2026-08-17,,1,FFCCCCCC,DO
2148,8,2026-08-24,,1,FFCCCCCC,DP
2149,8,2026-08-31,,1,FFCCCCCC,DQ
2150,8,2026-09-07,,1,FFCCCCCC,DR
2151,8,2026-09-14,,1,FFCCCCCC,DS
2152,8,2026-09-21,,1,FFCCCCCC,DT
2153,8,2026-09-28,,1,FFCCCCCC,DU
2154,8,2026-10-05,,1,FFCCCCCC,DW
2155,8,2026-10-12,,1,FFCCCCCC,DX
2156,8,2026-10-19,,1,FFCCCCCC,DY
2157,8,2026-10-26,,1,FFCCCCCC,DZ
2158,8,2026-11-02,,1,FFCCCCCC,EB
2159,8,2026-11-09,,1,FFCCCCCC,EC
2160,8,2026-11-16,,1,FFCCCCCC,ED
2161,8,2026-11-23,,1,FFCCCCCC,EE
2162,8,2026-11-30,,1,FFCCCCCC,EF
2163,8,2026-12-07,,1,FFCCCCCC,EG
2164,8,2026-12-14,,1,FFCCCCCC,EH
2165,8,2026-12-21,,1,FFCCCCCC,EI
2166,8,2026-12-28,,1,FFCCCCCC,EJ
2167,8,2027-01-04,,1,FFCCCCCC,EK
2168,8,2027-01-11,,1,FFCCCCCC,EL
2169,8,2027-01-18,,1,FFCCCCCC,EM
2170,8,2027-01-25,,1,FFCCCCCC,EN
2171,8,2027-02-01,,1,FFCCCCCC,EO
2172,8,2027-02-08,,1,FFCCCCCC,EP
2173,8,2027-02-15,,1,FFCCCCCC,EQ
2174,8,2027-02-22,,1,FFCCCCCC,ER
2175,8,2027-03-01,,1,FFCCCCCC,ES
2176,8,2027-03-08,,1,FFCCCCCC,ET
2177,8,2027-03-15,,1,FFCCCCCC,EU
2178,8,2027-03-22,,1,FFCCCCCC,EV
2179,8,2027-03-29,,1,FFCCCCCC,EW
2180,8,2027-04-05,,1,FFCCCCCC,EX
2181,8,2027-04-12,,1,FFCCCCCC,EY
2182,8,2027-04-19,,1,FFCCCCCC,EZ
2183,8,2027-04-26,,1,FFCCCCCC,FA
2184,8,2027-05-03,,1,FFCCCCCC,FB
2185,8,2027-05-10,,1,FFCCCCCC,FC
2186,8,2027-05-17,,1,FFCCCCCC,FD
2187,8,2027-05-24,,1,FFCCCCCC,FE
2188,8,2027-05-31,,1,FFCCCCCC,FF
2189,8,2027-06-07,,1,FFCCCCCC,FG
2190,8,2027-06-14,,1,FFCCCCCC,FH
2191,8,2027-06-21,,1,FFCCCCCC,FI
2192,8,2027-06-28,,1,FFCCCCCC,FJ
2193,8,2027-07-05,,1,FFCCCCCC,FK
2194,8,2027-07-12,,1,FFCCCCCC,FL
2195,8,2027-07-19,,1,FFCCCCCC,FM
2196,8,2027-07-26,,1,FFCCCCCC,FN
2197,8,2027-08-02,,1,FFCCCCCC,FO
2198,8,2027-08-09,,1,FFCCCCCC,FP
2199,8,2027-08-16,,1,FFCCCCCC,FQ
2200,8,2027-08-23,,1,FFCCCCCC,FR
2201,8,2027-08-30,,1,FFCCCCCC,FS
2202,8,2027-09-06,,1,FFCCCCCC,FT
2203,8,2027-09-13,,1,FFCCCCCC,FU
2204,8,2027-09-20,,1,FFCCCCCC,FV
2205,8,2027-09-27,,1,FFCCCCCC,FW
2206,8,2027-10-04,,1,FFCCCCCC,FX
2207,8,2027-10-11,,1,FFCCCCCC,FY
2208,8,2027-10-18,,1,FFCCCCCC,FZ
2209,8,2027-10-25,,1,FFCCCCCC,GA
2210,8,2027-11-01,,1,FFCCCCCC,GB
2211,8,2027-11-08,,1,FFCCCCCC,GC
2212,8,2027-11-15,,1,FFCCCCCC,GD
2213,8,2027-11-22,,1,FFCCCCCC,GE
2214,8,2027-11-29,,1,FFCCCCCC,GF
2215,8,2027-12-06,,1,FFCCCCCC,GG
2216,8,2027-12-13,,1,FFCCCCCC,GH
2217,8,2027-12-20,,1,FFCCCCCC,GI
2218,8,2027-12-27,,1,FFCCCCCC,GJ
2219,8,2028-01-17,,1,FFCCCCCC,GM
2220,8,2028-01-24,,1,FFCCCCCC,GN
2221,8.1,2025-07-06,28249.999999999996,0,,BF
2222,8.1,2026-01-05,,1,FF1155CC,CD
2223,8.1,2026-01-12,,1,FF1155CC,CE
2224,8.1,2026-01-19,,1,FF1155CC,CF
2225,8.1,2026-01-26,,1,FF1155CC,CG
2226,8.1,2026-02-02,,1,FF1155CC,CI
2227,8.1,2026-02-09,,1,FF1155CC,CJ
2228,8.1,2026-02-16,,1,FF1155CC,CK
2229,8.1,2026-02-23,,1,FF1155CC,CL
2230,8.1,2026-03-02,,1,FF1155CC,CN
2231,8.1,2026-03-09,,1,FF1155CC,CO
2232,8.1,2026-03-16,,1,FF1155CC,CP
2233,8.1,2026-03-23,,1,FF1155CC,CQ
2234,8.1,2026-03-30,,1,FF1155CC,CR
2235,8.1,2026-04-06,,1,FF1155CC,CS
2236,8.1,2026-06-01,28249.999999999996,0,FFFFFFFF,DC
2237,8.2,2025-12-14,42374.99999999999,0,,CA
2238,8.2,2026-01-05,,1,FF1155CC,CD
2239,8.2,2026-01-12,,1,FF1155CC,CE
2240,8.2,2026-01-19,,1,FF1155CC,CF
2241,8.2,2026-01-26,,1,FF1155CC,CG
2242,8.2,2026-02-02,,1,FF1155CC,CI
2243,8.2,2026-02-09,,1,FF1155CC,CJ
2244,8.2,2026-02-16,,1,FF1155CC,CK
2245,8.2,2026-02-23,,1,FF1155CC,CL
2246,8.2,2026-03-02,,1,FF1155CC,CN
2247,8.2,2026-03-09,,1,FF1155CC,CO
2248,8.2,2026-03-16,,1,FF1155CC,CP
2249,8.2,2026-03-23,,1,FF1155CC,CQ
2250,8.2,2026-03-30,,1,FF1155CC,CR
2251,8.2,2026-04-06,,1,FF1155CC,CS
2252,8.2,2026-12-28,42375.0,0,FFFFFFFF,EJ
2253,8.3,2025-10-26,42374.99999999999,0,,BU
2254,8.3,2026-12-28,42375.0,0,,EJ
2255,8.4,2026-09-07,14124.999999999998,0,,DR
