id,account,date,txn_no,description,debit,credit,balance,src_sheet,src_row
1,PV2,2024-06-01,,SALDO INICIAL,0.0,0.0,0.0,Ventanas II,6
2,PV2,2024-06-04,63953123,Hovde Master,,99960.0,99960.0,Ventanas II,7
3,PV2,2024-06-05,64064732,PV2 Fact Exp 22,1695.0,,98265.0,Ventanas II,8
4,PV2,2024-06-06,64131787,PV2 Topography Lidar,25000.0,,73265.0,Ventanas II,9
5,PV2,2024-06-06,64131787,Comisión Transf.Terceros otros,0.5,,73264.5,Ventanas II,10
6,PV2,2024-06-06,64131859,PV2 Topography vat tax Pending,3250.0,,70014.5,Ventanas II,11
7,PV2,2024-06-06,64131859,Comisión Transf.Terceros otros,0.5,,70014.0,Ventanas II,12
8,PV2,2024-06-06,64131973,PV2 SOIL ANALYSIS,10170.0,,59844.0,Ventanas II,13
9,PV2,2024-06-06,64131973,Comisión Tranferencias en Tiem,2.0,,59842.0,Ventanas II,14
10,PV2,2024-06-06,64132277,PV2 Boundary Analysis and Mark,5085.0,,54757.0,Ventanas II,15
11,PV2,2024-06-06,64132277,Comisión Transf.Terceros otros,0.5,,54756.5,Ventanas II,16
12,PV2,2024-06-06,64132414,PV2 Water testing,1915.35,,52841.15,Ventanas II,17
13,PV2,2024-06-06,64132414,Comisión Transf.Terceros otros,0.5,,52840.65,Ventanas II,18
14,PV2,2024-06-06,64132553,PV2 Environmental Feasibility,8737.16,,44103.490000000005,Ventanas II,19
15,PV2,2024-06-06,64132553,Comisión Transf.Terceros otros,0.5,,44102.990000000005,Ventanas II,20
16,PV2,2024-06-06,64132852,PV2 Tree Trimming,4972.0,,39130.990000000005,Ventanas II,21
17,PV2,2024-06-06,64132852,Comisión Transf.Terceros otros,0.5,,39130.490000000005,Ventanas II,22
18,PV2,2024-06-06,64132934,PV2 13 Certifications for Muni,983.1,,38147.39000000001,Ventanas II,23
19,PV2,2024-06-06,64132934,Comisión Transf.Terceros otros,0.5,,38146.89000000001,Ventanas II,24
20,PV2,2024-06-06,64133027,PV2 Constitution of 2 Corps,2034.0,,36112.89000000001,Ventanas II,25
21,PV2,2024-06-06,64133027,Comisión Transf.Terceros otros,0.5,,36112.39000000001,Ventanas II,26
22,PV2,2024-06-06,64133294,PV2 2 Certifications for Muni,151.25,,35961.14000000001,Ventanas II,27
23,PV2,2024-06-06,64133294,Comisión Transf.Terceros otros,0.5,,35960.64000000001,Ventanas II,28
24,PV2,2024-06-06,64133435,PV2 Legal Fees local Attorney,25000.0,,10960.640000000007,Ventanas II,29
25,PV2,2024-06-06,64133435,Comisión Transf.Terceros otros,0.5,,10960.140000000007,Ventanas II,30
26,PV2,2024-07-03,188114,I/T-CITI/HOVDE MASTER LLC,,96657.16,107617.30000000002,Ventanas II,31
27,PV2,2024-07-03,188114,I/T-CITI/HOVDE MASTER LLC,10.0,,107607.30000000002,Ventanas II,32
28,PV2,2024-07-08,66566058,PV2 Boundary Analysis and Mark,5085.0,,102522.30000000002,Ventanas II,33
29,PV2,2024-07-08,66566058,Comisión Transf.Terceros otros,0.5,,102521.80000000002,Ventanas II,34
30,PV2,2024-07-08,66566161,PV2 Environmental Feasibility,8737.16,,93784.64000000001,Ventanas II,35
31,PV2,2024-07-08,66566161,Comisión Transf.Terceros otros,0.5,,93784.14000000001,Ventanas II,36
32,PV2,2024-07-08,66566322,PV2 Tree Trimming,5280.0,,88504.14000000001,Ventanas II,37
33,PV2,2024-07-08,66566322,Comisión Transf.Terceros otros,0.5,,88503.64000000001,Ventanas II,38
34,PV2,2024-07-08,66566780,PV2 Soil Studies,24052.5,,64451.140000000014,Ventanas II,39
35,PV2,2024-07-08,66566780,Comisión Transf.Terceros otros,0.5,,64450.640000000014,Ventanas II,40
36,PV2,2024-07-08,66567052,PV2 Surveyors,18362.5,,46088.140000000014,Ventanas II,41
37,PV2,2024-07-08,66567052,Comisión Transf.Terceros otros,0.5,,46087.640000000014,Ventanas II,42
38,PV2,2024-07-08,66567329,PV2 Consession Files,25000.0,,21087.640000000014,Ventanas II,43
39,PV2,2024-07-08,66567329,Comisión Transf.Terceros otros,0.5,,21087.140000000014,Ventanas II,44
40,PV2,2024-07-08,66567540,PV2 Fac 1874 Hovde Properties,3442.0,,17645.140000000014,Ventanas II,45
41,PV2,2024-07-25,188984,I/T-CITI/HOVDE MASTER LLC,,19975.0,37620.140000000014,Ventanas II,46
42,PV2,2024-07-26,188984,I/T-CITI/HOVDE MASTER LLC,10.0,,37610.140000000014,Ventanas II,47
43,PV2,2024-08-16,69555268,PV2 REIMBURSE INV 10005,18083.0,,19527.140000000014,Ventanas II,48
44,PV2,2024-08-16,69555268,Comisión Transf.Terceros otros,2.0,,19525.140000000014,Ventanas II,49
45,PV2,2024-08-21,190010,I/T-CITI/HOVDE MASTER LLC,,92470.0,111995.14000000001,Ventanas II,50
46,PV2,2024-08-21,190010,I/T-CITI/HOVDE MASTER LLC,10.0,,111985.14000000001,Ventanas II,51
47,PV2,2024-08-21,69968035,PV2 New Plano Ventanas,10452.5,,101532.64000000001,Ventanas II,52
48,PV2,2024-08-21,69968035,Comisión Transf.Terceros otros,0.5,,101532.14000000001,Ventanas II,53
49,PV2,2024-08-21,69968305,PV2 Ventanas Concession Instal,9181.25,,92350.89000000001,Ventanas II,54
50,PV2,2024-08-21,69968305,Comisión Transf.Terceros otros,0.5,,92350.39000000001,Ventanas II,55
51,PV2,2024-08-21,69968650,PV2 Refund Survey for addition,5650.0,,86700.39000000001,Ventanas II,56
52,PV2,2024-08-21,69968650,Comisión Transf.Terceros otros,0.5,,86699.89000000001,Ventanas II,57
53,PV2,2024-08-21,69968845,PV2 Soil Study Installment,6645.89,,80054.00000000001,Ventanas II,58
54,PV2,2024-08-21,69968845,Comisión Transf.Terceros otros,0.5,,80053.50000000001,Ventanas II,59
55,PV2,2024-08-21,69969046,PV2 Refund Concession chopping,800.0,,79253.50000000001,Ventanas II,60
56,PV2,2024-08-21,69969046,Comisión Transf.Terceros otros,0.5,,79253.00000000001,Ventanas II,61
57,PV2,2024-08-21,69969262,PV2 Final Payment Enviromental,17474.32,,61778.680000000015,Ventanas II,62
58,PV2,2024-08-21,69969262,Comisión Transf.Terceros otros,0.5,,61778.180000000015,Ventanas II,63
59,PV2,2024-08-21,69969856,PV2 Refund Gustavo tree trimmi,6160.0,,55618.180000000015,Ventanas II,64
60,PV2,2024-08-21,69969856,Comisión Transf.Terceros otros,0.5,,55617.680000000015,Ventanas II,65
61,PV2,2024-08-21,69969982,PV2 Refund Gustavo tree trimmi,20000.0,,35617.680000000015,Ventanas II,66
62,PV2,2024-08-21,69969982,Comisión Transf.Terceros otros,0.5,,35617.180000000015,Ventanas II,67
63,PV2,2024-08-21,69970271,PV2 Side by Side Payment,1100.0,,34517.180000000015,Ventanas II,68
64,PV2,2024-08-21,69970271,Comisión Transf.Terceros otros,0.5,,34516.680000000015,Ventanas II,69
65,PV2,2024-08-21,69970915,PV2 Reimburse of Legal expense,13227.0,,21289.680000000015,Ventanas II,70
66,PV2,2024-08-21,69970915,Comisión Transf.Terceros otros,0.5,,21289.180000000015,Ventanas II,71
67,PV2,2024-08-26,70327369,PV2 Refund SINAC liling paper,2500.0,,18789.180000000015,Ventanas II,72
68,PV2,2024-08-26,70327369,Comisión Transf.Terceros otros,0.5,,18788.680000000015,Ventanas II,73
69,PV2,2024-09-16,72024024,PV2 Fac 1971 y 1972 Batalla,14351.0,,4437.680000000015,Ventanas II,74
70,PV2,2024-10-04,73564355,PV2 Fac Ex 03 BL Hovde Master,3390.0,,1047.6800000000148,Ventanas II,75
71,PV2,2024-10-16,192265,I/T-CITI/HOVDE MASTER LLC,,14975.0,16022.680000000015,Ventanas II,76
72,PV2,2024-10-16,192265,I/T-CITI/HOVDE MASTER LLC,10.0,,16012.680000000015,Ventanas II,77
73,PV2,2024-10-16,74592123,PV2 FAC 2000 2001 P189 Alta Ba,12093.75,,3918.930000000015,Ventanas II,78
74,PV2,2024-11-01,192961,I/T-CITI/HOVDE MASTER LLC,,78879.7,82798.63,Ventanas II,79
75,PV2,2024-11-01,192961,I/T-CITI/HOVDE MASTER LLC,10.0,,82788.63,Ventanas II,80
76,PV2,2024-11-14,76962058,PV2 Soil Studies,7212.07,,75576.56,Ventanas II,81
77,PV2,2024-11-14,76962058,Comisión Transf.Terceros otros,0.5,,75576.06,Ventanas II,82
78,PV2,2024-11-14,76962347,PV2 Soil Studies extra,5883.9,,69692.16,Ventanas II,83
79,PV2,2024-11-14,76962347,Comisión Transf.Terceros otros,0.5,,69691.66,Ventanas II,84
80,PV2,2024-11-14,76964250,PV2 Tree Trimming,20998.91,,48692.75,Ventanas II,85
81,PV2,2024-11-14,76964250,Comisión Transf.Terceros otros,0.5,,48692.25,Ventanas II,86
82,PV2,2024-11-14,76964754,PV2 Legal fees,15000.0,,33692.25,Ventanas II,87
83,PV2,2024-11-14,76964754,Comisión Transf.Terceros otros,0.5,,33691.75,Ventanas II,88
84,PV2,2024-11-14,76964959,PV2 Preliminary visit,5000.0,,28691.75,Ventanas II,89
85,PV2,2024-11-14,76964959,Comisión Transf.Terceros otros,0.5,,28691.25,Ventanas II,90
86,PV2,2024-11-19,77476003,PV2 Surveyors 13 new land surv,9181.25,,19510.0,Ventanas II,91
87,PV2,2024-11-19,77476003,Comisión Transf.Terceros otros,0.5,,19509.5,Ventanas II,92
88,PV2,2024-11-19,77476198,Surveyors 2 Tortuga new land,1250.0,,18259.5,Ventanas II,93
89,PV2,2024-11-19,77476198,Comisión Transf.Terceros otros,0.5,,18259.0,Ventanas II,94
90,PV2,2024-11-19,77476490,PV2 Surveyors 13 new land surv,9181.25,,9077.75,Ventanas II,95
91,PV2,2024-11-19,77476490,Comisión Transf.Terceros otros,0.5,,9077.25,Ventanas II,96
92,PV2,2024-11-19,77476662,Surveyors 2 Tortuga new land,1250.0,,7827.25,Ventanas II,97
93,PV2,2024-11-19,77476662,Comisión Transf.Terceros otros,0.5,,7826.75,Ventanas II,98
94,PV2,2024-12-17,273725,I/T-CITI/HOVDE MASTER LLC,,99970.0,107796.75,Ventanas II,99
95,PV2,2024-12-17,273725,80E01/Comision LAFISE,10.0,,107786.75,Ventanas II,100
96,PV2,2024-12-19,80465257,PV2 Reimbursement maintenance,14723.69,,93063.06,Ventanas II,101
97,PV2,2024-12-19,80465257,Comisión Transf.Terceros otros,0.5,,93062.56,Ventanas II,102
98,PV2,2024-12-19,80465462,PV2 Driveway and Pad Ventanas,14200.0,,78862.56,Ventanas II,103
99,PV2,2024-12-19,80465462,Comisión Transf.Terceros otros,0.5,,78862.06,Ventanas II,104
100,PV2,2024-12-19,80465983,PV2 Dev Director Fee NOV DEC,28250.0,,50612.06,Ventanas II,105
101,PV2,2024-12-19,80465983,Comisión Transf.Terceros otros,0.5,,50611.56,Ventanas II,106
102,PV2,2024-12-19,80466378,PV2 Legal Fees FAC 2018 Hovde,18712.8,,31898.76,Ventanas II,107
103,PV2,2024-12-19,80466644,PV2 Financial Controlller Sala,2055.0,,29843.76,Ventanas II,108
104,PV2,2024-12-19,80466644,Comisión Transf.Terceros otros,0.5,,29843.26,Ventanas II,109
105,PV2,2024-12-19,80466887,PV2 Admin Fee Budget,1695.0,,28148.26,Ventanas II,110
106,PV2,2024-12-19,80466887,Comisión Transf.Terceros otros,0.5,,28147.76,Ventanas II,111
107,PV2,2025-01-14,292937,I/T-CITI/HOVDE MASTER LLC,,99970.0,128117.76,Ventanas II,112
108,PV2,2025-01-14,292937,5E501/Comision LAFISE,10.0,,128107.76,Ventanas II,113
109,PV2,2025-01-14,82642865,PV2 Survey Easement,2500.0,,125607.76,Ventanas II,114
110,PV2,2025-01-14,82642865,Comisión Transf.Terceros otros,0.5,,125607.26,Ventanas II,115
111,PV2,2025-01-14,82643054,PV2 Driveway and Pad Final Pay,9885.9,,115721.36,Ventanas II,116
112,PV2,2025-01-14,82643054,Comisión Transf.Terceros otros,0.5,,115720.86,Ventanas II,117
113,PV2,2025-01-14,82643248,PV2 DEHC Civil Engineer,17967.0,,97753.86,Ventanas II,118
114,PV2,2025-01-14,82643248,Comisión Transf.Terceros otros,0.5,,97753.36,Ventanas II,119
115,PV2,2025-01-14,82643537,PV2 Eduardo Patrimony,4972.0,,92781.36,Ventanas II,120
116,PV2,2025-01-14,82643537,Comisión Transf.Terceros otros,0.5,,92780.86,Ventanas II,121
117,PV2,2025-01-14,82643717,PV2 Development Director Jan,14125.0,,78655.86,Ventanas II,122
118,PV2,2025-01-14,82643717,Comisión Transf.Terceros otros,0.5,,78655.36,Ventanas II,123
119,PV2,2025-01-14,82643885,PV2 Admin Fee Budget,3750.0,,74905.36,Ventanas II,124
120,PV2,2025-01-14,82643885,Comisión Transf.Terceros otros,0.5,,74904.86,Ventanas II,125
121,PV2,2025-01-14,82644115,PV2 Farm Manager,1600.0,,73304.86,Ventanas II,126
122,PV2,2025-01-14,82644115,Comisión Transf.Terceros otros,0.5,,73304.36,Ventanas II,127
123,PV2,2025-01-14,82644250,PV2 CCSS Social Security,800.0,,72504.36,Ventanas II,128
124,PV2,2025-01-14,82644250,Comisión Transf.Terceros otros,0.5,,72503.86,Ventanas II,129
125,PV2,2025-01-14,82644458,PV2 Pura Vida Drilling,1695.0,,70808.86,Ventanas II,130
126,PV2,2025-01-14,82644458,Comisión Transf.Terceros otros,0.5,,70808.36,Ventanas II,131
127,PV2,2025-01-14,82644806,PV2 Open Paths to Private Beac,6480.0,,64328.36,Ventanas II,132
128,PV2,2025-01-14,82644806,Comisión Transf.Terceros otros,0.5,,64327.86,Ventanas II,133
129,PV2,2025-01-14,82645226,PV2 Legal Fees,7950.0,,56377.86,Ventanas II,134
130,PV2,2025-01-14,82645377,PV2 Gates,6000.0,,50377.86,Ventanas II,135
131,PV2,2025-01-14,82645377,Comisión Transf.Terceros otros,0.5,,50377.36,Ventanas II,136
132,PV2,2025-01-14,82645571,PV2 Gravel Existing Roads,20000.0,,30377.36,Ventanas II,137
133,PV2,2025-01-14,82645571,Comisión Transf.Terceros otros,0.5,,30376.86,Ventanas II,138
134,PV2,2025-02-12,314776,I/T-CITI/HOVDE MASTER LLC,,99970.0,130346.86,Ventanas II,139
135,PV2,2025-02-12,314776,E0601/Comision LAFISE,10.0,,130336.86,Ventanas II,140
136,PV2,2025-02-12,85434649,PV2 Survey Easement,5000.0,,125336.86,Ventanas II,141
137,PV2,2025-02-12,85434649,Comisión Transf.Terceros otros,0.5,,125336.36,Ventanas II,142
138,PV2,2025-02-12,85434815,PV2 Development Director Feb,14125.0,,111211.36,Ventanas II,143
139,PV2,2025-02-12,85434815,Comisión Transf.Terceros otros,0.5,,111210.86,Ventanas II,144
140,PV2,2025-02-12,85435186,PV2 Admin Fee Budget,3750.0,,107460.86,Ventanas II,145
141,PV2,2025-02-12,85435186,Comisión Transf.Terceros otros,0.5,,107460.36,Ventanas II,146
142,PV2,2025-02-12,85435334,PV2 Farm Manager,1600.0,,105860.36,Ventanas II,147
143,PV2,2025-02-12,85435334,Comisión Transf.Terceros otros,0.5,,105859.86,Ventanas II,148
144,PV2,2025-02-12,85435450,PV2 CCSS Social Security,800.0,,105059.86,Ventanas II,149
145,PV2,2025-02-12,85435450,Comisión Transf.Terceros otros,0.5,,105059.36,Ventanas II,150
146,PV2,2025-02-12,85435615,PV2 Corporation Taxes,3900.5,,101158.86,Ventanas II,151
147,PV2,2025-02-12,85435615,Comisión Transf.Terceros otros,0.5,,101158.36,Ventanas II,152
148,PV2,2025-02-12,85435800,PV2 Property Declaration Updat,1250.0,,99908.36,Ventanas II,153
149,PV2,2025-02-12,85435800,Comisión Transf.Terceros otros,0.5,,99907.86,Ventanas II,154
150,PV2,2025-02-12,85435980,PV2 Annual Property Taxes,39897.99,,60009.87,Ventanas II,155
151,PV2,2025-02-12,85435980,Comisión Transf.Terceros otros,0.5,,60009.37,Ventanas II,156
152,PV2,2025-02-12,85436486,PV2 Legal Fees for POAs,760.0,,59249.37,Ventanas II,157
153,PV2,2025-02-12,85436937,PV2 Ventanas Grounds,2060.0,,57189.37,Ventanas II,158
154,PV2,2025-02-12,85436937,Comisión Transf.Terceros otros,0.5,,57188.87,Ventanas II,159
155,PV2,2025-02-12,85439131,PV2 EDSA Preworkshop Planning,7500.0,,49688.87,Ventanas II,160
156,PV2,2025-02-12,85439131,COMIS. BCO LAFISE,15.0,,49673.87,Ventanas II,161
157,PV2,2025-02-12,85439131,COMIS. BCO CORRESPONSAL,15.0,,49658.87,Ventanas II,162
158,PV2,2025-03-06,87692795,PV2 FAC 2107 2125 Hovde Alta B,932.25,,48726.62,Ventanas II,163
159,PV2,2025-03-13,336929,I/T-CITI/HOVDE MASTER LLC,,67970.0,116696.62,Ventanas II,164
160,PV2,2025-03-13,336929,D6D01/Comision LAFISE,10.0,,116686.62,Ventanas II,165
161,PV2,2025-03-13,88331424,PV2 Development Director Feb,14125.0,,102561.62,Ventanas II,166
162,PV2,2025-03-13,88331424,Comisión Transf.Terceros otros,0.5,,102561.12,Ventanas II,167
163,PV2,2025-03-13,88331700,PV2 Admin Fee Budget,3750.0,,98811.12,Ventanas II,168
164,PV2,2025-03-13,88331700,Comisión Transf.Terceros otros,0.5,,98810.62,Ventanas II,169
165,PV2,2025-03-13,88331874,PV2 Farm Manager,1600.0,,97210.62,Ventanas II,170
166,PV2,2025-03-13,88331874,Comisión Transf.Terceros otros,0.5,,97210.12,Ventanas II,171
167,PV2,2025-03-13,88332095,PV2 CCSS Social Secunty,800.0,,96410.12,Ventanas II,172
168,PV2,2025-03-13,88332095,Comisión Transf.Terceros otros,0.5,,96409.62,Ventanas II,173
169,PV2,2025-03-13,88332335,PV2 Ventanas Road,1085.0,,95324.62,Ventanas II,174
170,PV2,2025-03-13,88332335,Comisión Transf.Terceros otros,0.5,,95324.12,Ventanas II,175
171,PV2,2025-04-03,353801,I/T-CITI/HOVDE MASTER LLC,,99970.0,195294.12,Ventanas II,176
172,PV2,2025-04-03,353801,48F01/Comision LAFISE,10.0,,195284.12,Ventanas II,177
173,PV2,2025-04-24,92509020,PV2 FAC 11577 Alta Batalla,8192.5,,187091.62,Ventanas II,178
174,PV2,2025-04-25,92593272,PV2 Development Director March,14125.0,,172966.62,Ventanas II,179
175,PV2,2025-04-25,92593272,Comisión Transf.Terceros otros,0.5,,172966.12,Ventanas II,180
176,PV2,2025-04-25,92593683,PV2 Admin Fee Budget Financial,3750.0,,169216.12,Ventanas II,181
177,PV2,2025-04-25,92593683,Comisión Transf.Terceros otros,0.5,,169215.62,Ventanas II,182
178,PV2,2025-04-25,92593852,PV2 Farm Manager Worker March,1600.0,,167615.62,Ventanas II,183
179,PV2,2025-04-25,92593852,Comisión Transf.Terceros otros,0.5,,167615.12,Ventanas II,184
180,PV2,2025-04-25,92593989,PV2 CCSS SOCIAL SECURITY MARCH,800.0,,166815.12,Ventanas II,185
181,PV2,2025-04-25,92593989,Comisión Tranferencias en Tiem,2.0,,166813.12,Ventanas II,186
182,PV2,2025-04-25,92594664,PV2 EDSA November Payment,61631.6,,105181.51999999999,Ventanas II,187
183,PV2,2025-04-25,92594664,COMIS. BCO LAFISE,15.0,,105166.51999999999,Ventanas II,188
184,PV2,2025-04-25,92594664,COMIS. BCO CORRESPONSAL,15.0,,105151.51999999999,Ventanas II,189
185,PV2,2025-04-25,92595516,PV2 Water Meters CINCO VENTANA,556.0,,104595.51999999999,Ventanas II,190
186,PV2,2025-04-25,92595516,Comisión Transf.Terceros otros,0.5,,104595.01999999999,Ventanas II,191
187,PV2,2025-04-25,92596014,PV2 INTERNAL ROAD CINCO VENTAN,3000.0,,101595.01999999999,Ventanas II,192
188,PV2,2025-04-25,92596014,Comisión Transf.Terceros otros,0.5,,101594.51999999999,Ventanas II,193
189,PV2,2025-04-25,92596174,PV2 FOREST Inventory,2600.0,,98994.51999999999,Ventanas II,194
190,PV2,2025-04-25,92596174,Comisión Transf.Terceros otros,0.5,,98994.01999999999,Ventanas II,195
191,PV2,2025-04-25,92596565,PV2 Certified Cash flow prepar,282.5,,98711.51999999999,Ventanas II,196
192,PV2,2025-04-25,92596565,Comisión Transf.Terceros otros,0.5,,98711.01999999999,Ventanas II,197
193,PV2,2025-04-29,92939713,PV2 Chopping Road pinuelas ele,519.8,,98191.21999999999,Ventanas II,198
194,PV2,2025-04-29,92939713,Comisión Transf.Terceros otros,0.5,,98190.71999999999,Ventanas II,199
195,PV2,2025-04-29,92939820,PV2 Chopping pinuelas behind p,169.5,,98021.21999999999,Ventanas II,200
196,PV2,2025-04-29,92939820,Comisión Transf.Terceros otros,0.5,,98020.71999999999,Ventanas II,201
197,PV2,2025-04-29,92939952,PV2 Chopping pinuelas road,395.5,,97625.21999999999,Ventanas II,202
198,PV2,2025-04-29,92939952,Comisión Transf.Terceros otros,0.5,,97624.71999999999,Ventanas II,203
199,PV2,2025-04-29,92940072,PV2 Work with topographer,141.25,,97483.46999999999,Ventanas II,204
200,PV2,2025-04-29,92940072,Comisión Transf.Terceros otros,0.5,,97482.96999999999,Ventanas II,205
201,PV2,2025-05-02,93360838,PV2 Water System 30 percent,46500.0,,50982.96999999999,Ventanas II,206
202,PV2,2025-05-02,93360838,Comisión Transf.Terceros otros,0.5,,50982.46999999999,Ventanas II,207
203,PV2,2025-05-08,378936,I/T-CITI/HOVDE MASTER LLC,,34970.0,85952.46999999999,Ventanas II,208
204,PV2,2025-05-08,378936,F4C01/Comision LAFISE,10.0,,85942.46999999999,Ventanas II,209
205,PV2,2025-05-09,380051,I/T-CITI/EDSA INC - OPERATING,,3475.0,89417.46999999999,Ventanas II,210
206,PV2,2025-05-09,380051,CE401/Comision LAFISE,10.0,,89407.46999999999,Ventanas II,211
207,PV2,2025-05-14,94470113,PV2 Seed DG Payment May,33517.69,,55889.779999999984,Ventanas II,212
208,PV2,2025-06-11,406169,I/T-CITI/HOVDE MASTER LLC,,39970.0,95859.77999999998,Ventanas II,213
209,PV2,2025-06-11,406169,99601/Comision LAFISE,10.0,,95849.77999999998,Ventanas II,214
210,PV2,2025-06-11,406168,I/T-CITI/HOVDE MASTER LLC,,19975.0,115824.77999999998,Ventanas II,215
211,PV2,2025-06-11,406168,99201/Comision LAFISE,10.0,,115814.77999999998,Ventanas II,216
212,PV2,2025-06-11,97378754,PV2 Seed DG Payments June 2025,60000.0,,55814.779999999984,Ventanas II,217
213,PV2,2025-06-23,98651035,PV2 Seed DG Payment May,10398.85,,45415.929999999986,Ventanas II,218
214,PV2,2025-07-10,432015,I/T-CITI/HOVDE MASTER LLC,,150970.0,196385.93,Ventanas II,219
215,PV2,2025-07-10,432015,3FF01/Comision LAFISE,10.0,,196375.93,Ventanas II,220
216,PV2,2025-07-11,100555211,PV2 Deployment payments july,150812.79,,45563.139999999985,Ventanas II,221
217,PV2,2025-07-31,450525,I/T-CITI/HOVDE MASTER LLC,,24970.0,70533.13999999998,Ventanas II,222
218,PV2,2025-07-31,450525,D3101/Comision LAFISE,10.0,,70523.13999999998,Ventanas II,223
219,PV2,2025-08-01,102771471,PV2 Deployment planned august,24919.5,,45603.639999999985,Ventanas II,224
220,PV2,2025-09-09,485887,I/T-CITI/HOVDE MASTER LLC,,480.0,46083.639999999985,Ventanas II,225
221,PV2,2025-09-09,485887,44401/Comision LAFISE,10.0,,46073.639999999985,Ventanas II,226
222,PV2,2025-09-12,489834,I/T-CITI/HOVDE MASTER LLC,,53365.0,99438.63999999998,Ventanas II,227
223,PV2,2025-09-12,489834,CBE01/Comision LAFISE,10.0,,99428.63999999998,Ventanas II,228
224,PV2,2025-09-12,107233654,PV2 Deployment planned septemb,53895.0,,45533.639999999985,Ventanas II,229
225,PV2,2025-10-09,516304,I/T-CITI/HOVDE MASTER LLC,,26970.0,72503.63999999998,Ventanas II,230
226,PV2,2025-10-09,516304,83C01/Comision LAFISE,10.0,,72493.63999999998,Ventanas II,231
227,PV2,2025-10-13,110560007,PV2 Deployment planned October,26073.35,,46420.289999999986,Ventanas II,232
228,PV2,2025-11-06,544637,I/T-CITI/HOVDE MASTER LLC,,62970.0,109390.28999999998,Ventanas II,233
229,PV2,2025-11-06,544637,B5F01/Comision LAFISE,10.0,,109380.28999999998,Ventanas II,234
230,PV2,2025-11-06,113280713,PV2 Deployment planned November,62415.54,,46964.74999999998,Ventanas II,235
231,PV2,2025-12-15,585312,I/T-CITI/HOVDE MASTER LLC,,94970.0,141934.74999999997,Ventanas II,236
232,PV2,2025-12-15,585312,2CF01/Comision LAFISE,10.0,,141924.74999999997,Ventanas II,237
233,PV2,2025-12-15,117817122,PV2 Deployment planned Decembe,93960.94,,47963.80999999997,Ventanas II,238
234,PV2,2026-01-28,629238,I/T-CITI/HOVDE MASTER LLC,,48970.0,96933.80999999997,Ventanas II,239
235,PV2,2026-01-28,629238,70101/Comision LAFISE,10.0,,96923.80999999997,Ventanas II,240
236,PV2,2026-01-28,122420656,PV2 Deployment planned January,48069.36,,48854.44999999997,Ventanas II,241
237,PV2,2026-01-28,,**** SALDO FINAL ****,0.0,0.0,48854.44999999997,Ventanas II,242
238,PV1,2024-06-01,,SALDO INICIAL,0.0,0.0,0.0,VENTANAS I,6
239,PV1,2024-06-05,187016,I/T-CITI/HOVDE MASTER LLC,,752282.0,752282.0,VENTANAS I,7
240,PV1,2024-06-05,187016,I/T-CITI/HOVDE MASTER LLC,10.0,,752272.0,VENTANAS I,8
241,PV1,2024-06-06,64121130,PV1 Fact Exp 23 SF,2260.0,,750012.0,VENTANAS I,9
242,PV1,2024-10-15,192208,I/T-CITI/HOVDE MASTER LLC,,7350877.7,8100889.7,VENTANAS I,10
243,PV1,2024-10-15,192208,I/T-CITI/HOVDE MASTER LLC,10.0,,8100879.7,VENTANAS I,11
244,PV1,2024-10-18,74747652,PV1 Fees and closing costs,700064.3,,7400815.4,VENTANAS I,12
245,PV1,2024-10-18,74747969,PV1 HONORARIOS ASESORIA INMOBI,593250.0,,6807565.4,VENTANAS I,13
246,PV1,2024-10-18,74747969,Comisión Tranferencias en Tiem,2.0,,6807563.4,VENTANAS I,14
247,PV1,2024-10-18,74752469,PV1 PURCHASE NETPRICE VENTANAS,4000000.0,,2807563.4000000004,VENTANAS I,15
248,PV1,2024-10-18,74752469,Comisión Tranferencias en Tiem,2.0,,2807561.4000000004,VENTANAS I,16
249,PV1,2024-10-18,74752685,PV1 PURCHASE NETPRICE VENTANAS,2807535.4,,26.00000000046566,VENTANAS I,17
250,PV1,2024-10-18,74752685,Comisión Tranferencias en Tiem,2.0,,24.00000000046566,VENTANAS I,18
251,PV1,2025-10-17,524605,I/T-CITI/HOVDE MASTER LLC,,2325022.0,2325046.0000000005,VENTANAS I,19
252,PV1,2025-10-17,524605,68C01/Comision LAFISE,10.0,,2325036.0000000005,VENTANAS I,20
253,PV1,2025-10-20,111363939,PV1 NET FIRST MORTGAGE PAYMENT,2141092.5,,183943.50000000047,VENTANAS I,21
254,PV1,2025-10-20,111363939,Comisión Tranferencias en Tiem,2.0,,183941.50000000047,VENTANAS I,22
255,PV1,2025-10-20,111364265,PV1 HONORARIOS ASESORIA INMOBI,183907.5,,34.00000000046566,VENTANAS I,23
256,PV1,2025-10-20,111364265,Comisión Tranferencias en Tiem,2.0,,32.00000000046566,VENTANAS I,24
257,PV1,2026-01-28,,**** SALDO FINAL ****,0.0,0.0,32.00000000046566,VENTANAS I,25
258,PV2-alt,2025-01-14,82643717,PV2 Development Director Jan,14125.0,,,Ventanas II (2),6
259,PV2-alt,2025-01-14,82643885,PV2 Admin Fee Budget,3750.0,,,Ventanas II (2),7
260,PV2-alt,2025-01-14,82644115,PV2 Farm Manager,1600.0,,,Ventanas II (2),8
261,PV2-alt,2025-01-14,82644250,PV2 CCSS Social Security,800.0,,,Ventanas II (2),9
262,PV2-alt,2025-02-12,85434815,PV2 Development Director Feb,14125.0,,,Ventanas II (2),11
263,PV2-alt,2025-02-12,85435186,PV2 Admin Fee Budget,3750.0,,,Ventanas II (2),12
264,PV2-alt,2025-02-12,85435334,PV2 Farm Manager,1600.0,,,Ventanas II (2),13
265,PV2-alt,2025-02-12,85435450,PV2 CCSS Social Security,800.0,,,Ventanas II (2),14
266,PV2-alt,2025-03-13,88331424,PV2 Development Director Feb,14125.0,,,Ventanas II (2),16
267,PV2-alt,2025-03-13,88331700,PV2 Admin Fee Budget,3750.0,,,Ventanas II (2),17
268,PV2-alt,2025-03-13,88331874,PV2 Farm Manager,1600.0,,,Ventanas II (2),18
269,PV2-alt,2025-03-13,88332095,PV2 CCSS Social Secunty,800.0,,,Ventanas II (2),19
270,PV2-alt,2025-04-25,92593272,PV2 Development Director March,14125.0,,,Ventanas II (2),21
271,PV2-alt,2025-04-25,92593683,PV2 Admin Fee Budget Financial,3750.0,,,Ventanas II (2),22
272,PV2-alt,2025-04-25,92593852,PV2 Farm Manager Worker March,1600.0,,,Ventanas II (2),23
273,PV2-alt,2025-04-25,92593989,PV2 CCSS SOCIAL SECURITY MARCH,800.0,,,Ventanas II (2),24
274,LAFISE,2025-05-05,,RESIDUAL AMT WATER SYSTEM,,36231.0,36231.0,Bank Statement LAFISE,2
275,LAFISE,2025-05-07,,INVENTARIO FORESTAL 50 IVA,1695.0,,34536.0,Bank Statement LAFISE,3
276,LAFISE,2025-05-07,,Comisión Transf.Terceros otros,0.85,,34535.15,Bank Statement LAFISE,4
277,LAFISE,2025-05-14,,PV2 Seed DG Payment May,,33517.69,68052.84,Bank Statement LAFISE,5
278,LAFISE,2025-05-15,,PRESTAMO CORTO PLAZO,25000.0,,43052.84,Bank Statement LAFISE,6
279,LAFISE,2025-05-15,,Comisión Tranferencias en Tiem,4.0,,43048.84,Bank Statement LAFISE,7
280,LAFISE,2025-05-15,,CARGOS DE VISITA DE DUENOS,14751.54,,28297.3,Bank Statement LAFISE,8
281,LAFISE,2025-05-15,,Comisión Tranferencias en Tiem,4.0,,28293.3,Bank Statement LAFISE,9
282,LAFISE,2025-05-15,,DEVELOPMENT DIRECTOR MAY 2025,14125.0,,14168.3,Bank Statement LAFISE,10
283,LAFISE,2025-05-15,,Comisión Tranferencias en Tiem,4.0,,14164.3,Bank Statement LAFISE,11
284,LAFISE,2025-05-15,,ADMIN FEE BUDGET  FINANCIAL,6150.0,,8014.3,Bank Statement LAFISE,12
285,LAFISE,2025-05-15,,Comisión Tranferencias en Tiem,4.0,,8010.3,Bank Statement LAFISE,13
286,LAFISE,2025-05-15,,DEVOLUCION DE PREST TEMP,,25000.0,33010.3,Bank Statement LAFISE,14
287,LAFISE,2025-05-29,,CARGO ADMINISTRATIVO,1.5,,33008.8,Bank Statement LAFISE,15
288,LAFISE,2025-05-31,,INTERESES,,2.68,33011.48,Bank Statement LAFISE,16
289,LAFISE,2025-06-03,,VENTANAS WATER SYSTEM,30000.0,,3011.48,Bank Statement LAFISE,17
290,LAFISE,2025-06-03,,Comisión Tranferencias en Tiem,4.0,,3007.48,Bank Statement LAFISE,18
291,LAFISE,2025-06-11,,PV2 Seed DG Payments June 2025,,60000.0,63007.48,Bank Statement LAFISE,19
292,LAFISE,2025-06-11,,PAGO FACTURA 21792180,7467.61,,55539.87,Bank Statement LAFISE,20
293,LAFISE,2025-06-11,,Comisión Tranferencias en Tiem,4.0,,55535.87,Bank Statement LAFISE,21
294,LAFISE,2025-06-11,,PAGO DE SERVICIOS LEGALES VENT,5002.0,,50533.87,Bank Statement LAFISE,22
295,LAFISE,2025-06-11,,PAGO DE FACTURA VISITA DUENOS,3101.85,,47432.02,Bank Statement LAFISE,23
296,LAFISE,2025-06-12,,GASTOS DE MAYO 2025,14125.0,,33307.02,Bank Statement LAFISE,24
297,LAFISE,2025-06-12,,Comisión Tranferencias en Tiem,4.0,,33303.02,Bank Statement LAFISE,25
298,LAFISE,2025-06-12,,GASTOS MAYO 2025,6150.0,,27153.02,Bank Statement LAFISE,26
299,LAFISE,2025-06-12,,Comisión Tranferencias en Tiem,4.0,,27149.02,Bank Statement LAFISE,27
300,LAFISE,2025-06-13,,INVENTARIO FORESTAL AREA TITUL,1695.0,,25454.02,Bank Statement LAFISE,28
301,LAFISE,2025-06-13,,Comisión Tranferencias en Tiem,4.0,,25450.02,Bank Statement LAFISE,29
302,LAFISE,2025-06-23,,PV2 Seed DG Payment May,,10398.85,35848.87,Bank Statement LAFISE,30
303,LAFISE,2025-06-27,,SOLICITUD DE BLAKE Y KAROL,1130.0,,34718.87,Bank Statement LAFISE,31
304,LAFISE,2025-06-27,,Comisión Tranferencias en Tiem,4.0,,34714.87,Bank Statement LAFISE,32
305,LAFISE,2025-06-27,,PAGO POR GAVIONES,380.0,,34334.87,Bank Statement LAFISE,33
306,LAFISE,2025-06-27,,Comisión Tranferencias en Tiem,4.0,,34330.87,Bank Statement LAFISE,34
307,LAFISE,2025-06-27,,PAGO REALIZADO_,2576.0,,31754.87,Bank Statement LAFISE,35
308,LAFISE,2025-06-27,,Comisión Tranferencias en Tiem,4.0,,31750.87,Bank Statement LAFISE,36
309,LAFISE,2025-06-28,,CARGO ADMINISTRATIVO,1.5,,31749.37,Bank Statement LAFISE,37
310,LAFISE,2025-06-30,,INTERESES,,1.71,31751.08,Bank Statement LAFISE,38
311,LAFISE,2025-07-04,,CRE por TFTER VIAJES_ESPECIALE,,300.0,32051.08,Bank Statement LAFISE,39
312,LAFISE,2025-07-11,,PV2 Deployment payments july,,150812.79,182863.87,Bank Statement LAFISE,40
313,LAFISE,2025-07-18,,MATERIALES WATER SYSTEM VENTAN,49835.26,,133028.61,Bank Statement LAFISE,41
314,LAFISE,2025-07-18,,Comisión Tranferencias en Tiem,4.0,,133024.61,Bank Statement LAFISE,42
315,LAFISE,2025-07-21,,GASTOS JULIO 2025,14125.0,,118899.61,Bank Statement LAFISE,43
316,LAFISE,2025-07-21,,Comisión Tranferencias en Tiem,4.0,,118895.61,Bank Statement LAFISE,44
317,LAFISE,2025-07-21,,GASTOS JULIO 2025,6150.0,,112745.61,Bank Statement LAFISE,45
318,LAFISE,2025-07-21,,Comisión Tranferencias en Tiem,4.0,,112741.61,Bank Statement LAFISE,46
319,LAFISE,2025-07-21,,PAGO FACTURA FOR MEALS,137.39,,112604.22,Bank Statement LAFISE,47
320,LAFISE,2025-07-29,,CARGO ADMINISTRATIVO,1.5,,112602.72,Bank Statement LAFISE,48
321,LAFISE,2025-07-31,,INTERESES,,15.16,112617.88,Bank Statement LAFISE,49
322,LAFISE,2025-07-31,,AVANCE WATER SYSTEM,30000.0,,82617.88,Bank Statement LAFISE,50
323,LAFISE,2025-07-31,,Comisión Tranferencias en Tiem,4.0,,82613.88,Bank Statement LAFISE,51
324,LAFISE,2025-07-31,,PAGO ENVIRONMENTAL FORESTRY ST,4350.5,,78263.38,Bank Statement LAFISE,52
325,LAFISE,2025-08-01,,PV2 Deployment planned august,,24919.5,103182.88,Bank Statement LAFISE,53
326,LAFISE,2025-08-06,,FACTURA 2 PAGO LASTRE Y BACK,3503.0,,99679.88,Bank Statement LAFISE,54
327,LAFISE,2025-08-06,,Comisión Tranferencias en Tiem,4.0,,99675.88,Bank Statement LAFISE,55
328,LAFISE,2025-08-06,,PAGO DE FACTURA 91,2034.0,,97641.88,Bank Statement LAFISE,56
329,LAFISE,2025-08-06,,Comisión Tranferencias en Tiem,4.0,,97637.88,Bank Statement LAFISE,57
330,LAFISE,2025-08-14,,GASTOS DE AGOSTO 2025,14125.0,,83512.88,Bank Statement LAFISE,58
331,LAFISE,2025-08-14,,Comisión Tranferencias en Tiem,4.0,,83508.88,Bank Statement LAFISE,59
332,LAFISE,2025-08-14,,ADMINWORKERS FARM MANAGER,6150.0,,77358.88,Bank Statement LAFISE,60
333,LAFISE,2025-08-14,,Comisión Tranferencias en Tiem,4.0,,77354.88,Bank Statement LAFISE,61
334,LAFISE,2025-08-16,,10 000 EX 494 WATER SISTEM,10000.0,,67354.88,Bank Statement LAFISE,62
335,LAFISE,2025-08-16,,Comisión Tranferencias en Tiem,4.0,,67350.88,Bank Statement LAFISE,63
336,LAFISE,2025-08-18,,PAGO WATER SYTEM VENTANAS,17131.15,,50219.73,Bank Statement LAFISE,64
337,LAFISE,2025-08-18,,Comisión Tranferencias en Tiem,4.0,,50215.73,Bank Statement LAFISE,65
338,LAFISE,2025-08-24,,TRABAJOS ESPECIALES VENTANAS,588.23,,49627.5,Bank Statement LAFISE,66
339,LAFISE,2025-08-24,,Comisión Tranferencias en Tiem,4.0,,49623.5,Bank Statement LAFISE,67
340,LAFISE,2025-08-29,,CARGO ADMINISTRATIVO,1.5,,49622.0,Bank Statement LAFISE,68
341,LAFISE,2025-08-31,,INTERESES,,8.95,49630.95,Bank Statement LAFISE,69
342,LAFISE,2025-09-11,,4 VENTANAS LOTE,587.6,,49043.35,Bank Statement LAFISE,70
343,LAFISE,2025-09-11,,Comisión Tranferencias en Tiem,4.0,,49039.35,Bank Statement LAFISE,71
344,LAFISE,2025-09-12,,PV2 Deployment planned septemb,,53895.0,102934.35,Bank Statement LAFISE,72
345,LAFISE,2025-09-12,,GASTOS DE SEPT 2025,14125.0,,88809.35,Bank Statement LAFISE,73
346,LAFISE,2025-09-12,,Comisión Tranferencias en Tiem,4.0,,88805.35,Bank Statement LAFISE,74
347,LAFISE,2025-09-12,,GASTOS SEPT 2025,6150.0,,82655.35,Bank Statement LAFISE,75
348,LAFISE,2025-09-12,,Comisión Tranferencias en Tiem,4.0,,82651.35,Bank Statement LAFISE,76
349,LAFISE,2025-09-18,,SURVEYOR TO SPLIT THE SOIL,138.44,,82512.91,Bank Statement LAFISE,77
350,LAFISE,2025-09-18,,Comisión Tranferencias en Tiem,4.0,,82508.91,Bank Statement LAFISE,78
351,LAFISE,2025-09-18,,REINTEGRO DE GASTOS,1098.9,,81410.01,Bank Statement LAFISE,79
352,LAFISE,2025-09-18,,Comisión Tranferencias en Tiem,4.0,,81406.01,Bank Statement LAFISE,80
353,LAFISE,2025-09-18,,PAGO FACT12617,76.0,,81330.01,Bank Statement LAFISE,81
354,LAFISE,2025-09-18,,PAGO FACTURA12803,2260.0,,79070.01,Bank Statement LAFISE,82
355,LAFISE,2025-09-28,,CARGO ADMINISTRATIVO,1.5,,79068.51,Bank Statement LAFISE,83
356,LAFISE,2025-09-30,,INTERESES,,7.71,79076.22,Bank Statement LAFISE,84
357,LAFISE,2025-09-30,,PAGO FACTURA 3617136172,276.88,,78799.34,Bank Statement LAFISE,85
358,LAFISE,2025-09-30,,Comisión Tranferencias en Tiem,4.0,,78795.34,Bank Statement LAFISE,86
359,LAFISE,2025-09-30,,PAGO POR 10 00000,10000.0,,68795.34,Bank Statement LAFISE,87
360,LAFISE,2025-09-30,,Comisión Tranferencias en Tiem,4.0,,68791.34,Bank Statement LAFISE,88
361,LAFISE,2025-10-02,,PROYECTO WATER SYSTEM,4880.0,,63911.34,Bank Statement LAFISE,89
362,LAFISE,2025-10-02,,Comisión Tranferencias en Tiem,4.0,,63907.34,Bank Statement LAFISE,90
363,LAFISE,2025-10-13,,PV2 Deployment planned October,,26073.35,89980.69,Bank Statement LAFISE,91
364,LAFISE,2025-10-15,,PAGO OCTUBRE 2025,14125.0,,75855.69,Bank Statement LAFISE,92
365,LAFISE,2025-10-15,,Comisión Tranferencias en Tiem,4.0,,75851.69,Bank Statement LAFISE,93
366,LAFISE,2025-10-15,,GASTOS OCT 2025,6150.0,,69701.69,Bank Statement LAFISE,94
367,LAFISE,2025-10-15,,Comisión Tranferencias en Tiem,4.0,,69697.69,Bank Statement LAFISE,95
368,LAFISE,2025-10-15,,PAGO FACTURA 13018 SEPT 2425,3559.5,,66138.19,Bank Statement LAFISE,96
369,LAFISE,2025-10-15,,Comisión Tranferencias en Tiem,4.0,,66134.19,Bank Statement LAFISE,97
370,LAFISE,2025-10-15,,REVISION AND DENSIFICATION,3943.7,,62190.49,Bank Statement LAFISE,98
371,LAFISE,2025-10-15,,Comisión Tranferencias en Tiem,4.0,,62186.49,Bank Statement LAFISE,99
372,LAFISE,2025-10-29,,CARGO ADMINISTRATIVO,1.5,,62184.99,Bank Statement LAFISE,100
373,LAFISE,2025-10-30,,TICKET 104000001,1001.19,,61183.8,Bank Statement LAFISE,101
374,LAFISE,2025-10-30,,Comisión Tranferencias en Tiem,4.0,,61179.8,Bank Statement LAFISE,102
375,LAFISE,2025-10-31,,INTERESES,,7.27,61187.07,Bank Statement LAFISE,103
376,LAFISE,2025-11-06,,PV2 Deployment planned Novembe,,62415.54,123602.61,Bank Statement LAFISE,104
377,LAFISE,2025-11-10,,CONSUL SERV DUE DILIG TK01,28250.0,,95352.61,Bank Statement LAFISE,105
378,LAFISE,2025-11-10,,Comisión Tranferencias en Tiem,4.0,,95348.61,Bank Statement LAFISE,106
379,LAFISE,2025-11-10,,GASTOS DE NOVIEMBRE 2025,14125.0,,81223.61,Bank Statement LAFISE,107
380,LAFISE,2025-11-10,,Comisión Tranferencias en Tiem,4.0,,81219.61,Bank Statement LAFISE,108
381,LAFISE,2025-11-10,,GASTOS DE NOVIEMBRE 2025,6150.0,,75069.61,Bank Statement LAFISE,109
382,LAFISE,2025-11-10,,Comisión Tranferencias en Tiem,4.0,,75065.61,Bank Statement LAFISE,110
383,LAFISE,2025-11-11,,PAGO FIDEO HOVDE VENTANAS,3616.0,,71449.61,Bank Statement LAFISE,111
384,LAFISE,2025-11-11,,LAND SURVEYOR DEHC STAY,1666.64,,69782.97,Bank Statement LAFISE,112
385,LAFISE,2025-11-11,,Comisión Tranferencias en Tiem,4.0,,69778.97,Bank Statement LAFISE,113
386,LAFISE,2025-11-28,,CARGO ADMINISTRATIVO,1.5,,69777.47,Bank Statement LAFISE,114
387,LAFISE,2025-11-30,,INTERESES,,8.95,69786.42,Bank Statement LAFISE,115
388,LAFISE,2025-12-12,,FINAL FC 606 COL 7360578885,27791.63,,41994.79,Bank Statement LAFISE,116
389,LAFISE,2025-12-12,,Comisión Tranferencias en Tiem,4.0,,41990.79,Bank Statement LAFISE,117
390,LAFISE,2025-12-15,,GASTOS PLANILLAS DEC2025,14125.0,,27865.79,Bank Statement LAFISE,118
391,LAFISE,2025-12-15,,Comisión Tranferencias en Tiem,4.0,,27861.79,Bank Statement LAFISE,119
392,LAFISE,2025-12-15,,CONTROLLER 25 SALARY DECEMBER,4550.0,,23311.79,Bank Statement LAFISE,120
393,LAFISE,2025-12-15,,Comisión Tranferencias en Tiem,4.0,,23307.79,Bank Statement LAFISE,121
394,LAFISE,2025-12-15,,PV2 Deployment planned Decembe,,93960.94,117268.73,Bank Statement LAFISE,122
395,LAFISE,2025-12-15,,DECEMBER EXPENSE,1824.71,,115444.02,Bank Statement LAFISE,123
396,LAFISE,2025-12-15,,Comisión Tranferencias en Tiem,4.0,,115440.02,Bank Statement LAFISE,124
397,LAFISE,2025-12-18,,PAGO DE FA #13013-2427-2438,28905.8,,86534.22,Bank Statement LAFISE,125
398,LAFISE,2025-12-26,,INTERESES,,10.19,86544.41,Bank Statement LAFISE,126
399,LAFISE,2025-12-27,,INTERESES,,2.47,86546.88,Bank Statement LAFISE,127
400,LAFISE,2025-12-28,,INTERESES,,2.47,86549.35,Bank Statement LAFISE,128
401,LAFISE,2025-12-29,,CARGO ADMINISTRATIVO,1.5,,86547.85,Bank Statement LAFISE,129
402,LAFISE,2025-12-29,,INTERESES,,2.47,86550.32,Bank Statement LAFISE,130
403,LAFISE,2025-12-30,,INTERESES,,2.47,86552.79,Bank Statement LAFISE,131
404,LAFISE,2025-12-31,,INTERESES,,2.47,86555.26,Bank Statement LAFISE,132
405,LAFISE,2026-01-01,,INTERESES,,2.47,86557.73,Bank Statement LAFISE,133
406,LAFISE,2026-01-02,,INTERESES,,2.47,86560.2,Bank Statement LAFISE,134
407,LAFISE,2026-01-03,,INTERESES,,2.47,86562.67,Bank Statement LAFISE,135
408,LAFISE,2026-01-04,,INTERESES,,2.47,86565.14,Bank Statement LAFISE,136
409,LAFISE,2026-01-05,,INTERESES,,2.47,86567.61,Bank Statement LAFISE,137
410,LAFISE,2026-01-06,,INTERESES,,2.47,86570.08,Bank Statement LAFISE,138
411,LAFISE,2026-01-07,,INTERESES,,2.47,86572.55,Bank Statement LAFISE,139
412,LAFISE,2026-01-08,,INTERESES,,2.47,86575.02,Bank Statement LAFISE,140
413,LAFISE,2026-01-09,,INTERESES,,2.47,86577.49,Bank Statement LAFISE,141
414,LAFISE,2026-01-10,,INTERESES,,2.47,86579.96,Bank Statement LAFISE,142
415,LAFISE,2026-01-11,,INTERESES,,2.47,86582.43,Bank Statement LAFISE,143
416,LAFISE,2026-01-12,,INTERESES,,2.44,86584.87,Bank Statement LAFISE,144
417,LAFISE,2026-01-12,,COMPRA ALAMBRE CONCRETO Y POS,1041.39,,85543.48,Bank Statement LAFISE,145
418,LAFISE,2026-01-12,,Comisión Tranferencias en Tiem,4.0,,85539.48,Bank Statement LAFISE,146
419,LAFISE,2026-01-13,,INTERESES,,2.44,85541.92,Bank Statement LAFISE,147
420,LAFISE,2026-01-14,,INTERESES,,2.4,85544.32,Bank Statement LAFISE,148
421,LAFISE,2026-01-14,,PAGO FAC 4 6 1_,1299.5,,84244.82,Bank Statement LAFISE,149
422,LAFISE,2026-01-14,,Comisión Tranferencias en Tiem,4.0,,84240.82,Bank Statement LAFISE,150
423,LAFISE,2026-01-15,,INTERESES,,1.81,84242.63,Bank Statement LAFISE,151
424,LAFISE,2026-01-15,,GASTO PROYECTO VENTANAS 2026,14125.0,,70117.63,Bank Statement LAFISE,152
425,LAFISE,2026-01-15,,Comisión Tranferencias en Tiem,4.0,,70113.63,Bank Statement LAFISE,153
426,LAFISE,2026-01-15,,ENERO PROY VENTANAS,6374.71,,63738.92,Bank Statement LAFISE,154
427,LAFISE,2026-01-15,,Comisión Tranferencias en Tiem,4.0,,63734.92,Bank Statement LAFISE,155
428,LAFISE,2026-01-16,,INTERESES,,1.81,63736.73,Bank Statement LAFISE,156
429,LAFISE,2026-01-17,,INTERESES,,1.81,63738.54,Bank Statement LAFISE,157
430,LAFISE,2026-01-18,,INTERESES,,1.81,63740.35,Bank Statement LAFISE,158
431,LAFISE,2026-01-19,,INTERESES,,1.81,63742.16,Bank Statement LAFISE,159
432,LAFISE,2026-01-20,,INTERESES,,1.81,63743.97,Bank Statement LAFISE,160
433,LAFISE,2026-01-21,,INTERESES,,1.81,63745.78,Bank Statement LAFISE,161
434,LAFISE,2026-01-22,,INTERESES,,1.81,63747.59,Bank Statement LAFISE,162
435,LAFISE,2026-01-23,,INTERESES,,1.81,63749.4,Bank Statement LAFISE,163
436,LAFISE,2025-06-12,,GASTOS DE MAYO 2025,14125.0,,33307.02,Bank Statement LAFISE (2),2
437,LAFISE,2025-06-12,,GASTOS MAYO 2025,6150.0,,27153.02,Bank Statement LAFISE (2),3
438,LAFISE,2025-07-21,,GASTOS JULIO 2025,14125.0,,118899.61,Bank Statement LAFISE (2),4
439,LAFISE,2025-08-14,,GASTOS DE AGOSTO 2025,14125.0,,83512.88,Bank Statement LAFISE (2),5
440,LAFISE,2025-08-14,,ADMINWORKERS FARM MANAGER,6150.0,,77358.88,Bank Statement LAFISE (2),6
441,LAFISE,2025-09-12,,GASTOS DE SEPT 2025,14125.0,,88809.35,Bank Statement LAFISE (2),7
442,LAFISE,2025-09-12,,GASTOS SEPT 2025,6150.0,,82655.35,Bank Statement LAFISE (2),8
443,LAFISE,2025-10-15,,PAGO OCTUBRE 2025,14125.0,,75855.69,Bank Statement LAFISE (2),9
444,LAFISE,2025-10-15,,GASTOS OCT 2025,6150.0,,69701.69,Bank Statement LAFISE (2),10
445,LAFISE,2025-11-10,,GASTOS DE NOVIEMBRE 2025,14125.0,,81223.61,Bank Statement LAFISE (2),11
446,LAFISE,2025-11-10,,GASTOS DE NOVIEMBRE 2025,6150.0,,75069.61,Bank Statement LAFISE (2),12
447,LAFISE,2025-12-15,,GASTOS PLANILLAS DEC2025,14125.0,,27865.79,Bank Statement LAFISE (2),13
448,LAFISE,2025-12-15,,CONTROLLER 25 SALARY DECEMBER,4550.0,,23311.79,Bank Statement LAFISE (2),14
449,LAFISE,2025-12-15,,DECEMBER EXPENSE,1824.71,,115444.02,Bank Statement LAFISE (2),15
450,LAFISE,2026-01-15,,GASTO PROYECTO VENTANAS 2026,14125.0,,70117.63,Bank Statement LAFISE (2),16
451,LAFISE,2026-01-15,,ENERO PROY VENTANAS,6374.71,,63738.92,Bank Statement LAFISE (2),17
